학교명,전공명,과목명
서울대학교,간호대학,의료관련감염관리
서울대학교,간호대학,영양과 식이
서울대학교,간호대학,생애주기별 건강증진
서울대학교,간호대학,인간발달
서울대학교,간호대학,통합간호실습
서울대학교,간호대학,간호윤리
서울대학교,간호대학,지역사회간호학실습
서울대학교,간호대학,지역사회간호학
서울대학교,간호대학,정신건강간호학실습
서울대학교,간호대학,정신건강간호학
서울대학교,간호대학,간호연구개론
서울대학교,간호대학,간호관리학실습
서울대학교,간호대학,간호관리학
서울대학교,간호대학,여성건강간호학실습
서울대학교,간호대학,여성건강간호학
서울대학교,간호대학,노인건강간호학실습
서울대학교,간호대학,노인건강간호학
서울대학교,간호대학,성인건강간호학실습2
서울대학교,간호대학,성인건강간호학2
서울대학교,간호대학,성인건강간호학실습1
서울대학교,간호대학,성인건강간호학1
서울대학교,간호대학,아동건강간호학실습
서울대학교,간호대학,아동건강간호학
서울대학교,간호대학,간호정보학및실습
서울대학교,간호대학,"장애, 돌봄 그리고 간호"
서울대학교,간호대학,분석심리의 간호학적 적용
서울대학교,간호대학,간호대학생을 위한 정신약물의 이해
서울대학교,간호대학,간호과학자의 역할
서울대학교,간호대학,보건의료 디자인 사고
서울대학교,간호대학,수면 건강과 간호
서울대학교,간호대학,정보기술의 간호 도입 최신 동향
서울대학교,간호대학,국제보건과 간호
서울대학교,간호대학,뇌와 뇌질환의 이해
서울대학교,간호대학,응급간호실무
서울대학교,간호대학,통합간호실무
서울대학교,간호대학,간호통계프로그래밍개론
서울대학교,간호대학,치매간호와 테크놀로지
서울대학교,간호대학,현대건강문제와 간호
서울대학교,간호대학,여성의 건강과 간호
서울대학교,간호대학,지역사회 정신간호
서울대학교,간호대학,다문화사회의 이해와 간호
서울대학교,간호대학,보건의료와 간호정책
서울대학교,간호대학,중환자간호 및 실습
서울대학교,간호대학,정밀의료시대의 간호
서울대학교,간호대학,아동안전과 간호
서울대학교,간호대학,디지털 헬스케어와 간호
서울대학교,간호대학,간호과정과 실무
서울대학교,간호대학,환자안전 간호
서울대학교,간호대학,건강 행위의 이해
서울대학교,간호대학,보건커뮤니케이션과 건강교육
서울대학교,간호대학,인간관계와 의사소통
서울대학교,간호대학,인간과 건강
서울대학교,간호대학,간호학입문
서울대학교,간호대학,인체구조와 기능 1
서울대학교,간호대학,인체구조와 기능 2
서울대학교,간호대학,기본간호학
서울대학교,간호대학,기본간호학실습
서울대학교,간호대학,병태생리학 1
서울대학교,간호대학,병태생리학 2
서울대학교,간호대학,간호통계학
서울대학교,간호대학,약물기전과 효과
서울대학교,간호학과,생애주기별 건강증진
서울대학교,간호학과,아동건강간호학실습
서울대학교,간호학과,아동건강간호학
서울대학교,간호학과,간호정보학및실습
서울대학교,간호학과,보건커뮤니케이션과 건강교육
서울대학교,간호학과,인간관계와 의사소통
서울대학교,간호학과,약물기전과 효과
서울대학교,간호학과,간호통계학
서울대학교,간호학과,병태생리학 2
서울대학교,간호학과,병태생리학 1
서울대학교,간호학과,기본간호학실습
서울대학교,간호학과,기본간호학
서울대학교,간호학과,인체구조와 기능 2
서울대학교,간호학과,인체구조와 기능 1
서울대학교,간호학과,간호학입문
서울대학교,간호학과,인간과 건강
서울대학교,간호학과,성인건강간호학1
서울대학교,간호학과,성인건강간호학실습1
서울대학교,간호학과,성인건강간호학2
서울대학교,간호학과,인간발달
서울대학교,간호학과,통합간호실습
서울대학교,간호학과,간호윤리
서울대학교,간호학과,지역사회간호학실습
서울대학교,간호학과,지역사회간호학
서울대학교,간호학과,정신건강간호학실습
서울대학교,간호학과,정신건강간호학
서울대학교,간호학과,간호연구개론
서울대학교,간호학과,간호관리학실습
서울대학교,간호학과,간호관리학
서울대학교,간호학과,여성건강간호학실습
서울대학교,간호학과,여성건강간호학
서울대학교,간호학과,노인건강간호학실습
서울대학교,간호학과,노인건강간호학
서울대학교,간호학과,성인건강간호학실습2
서울대학교,간호학과,영양과 식이
서울대학교,간호학과,간호과학자의 역할
서울대학교,간호학과,보건의료 디자인 사고
서울대학교,간호학과,수면 건강과 간호
서울대학교,간호학과,의료관련감염관리
서울대학교,간호학과,정보기술의 간호 도입 최신 동향
서울대학교,간호학과,국제보건과 간호
서울대학교,간호학과,뇌와 뇌질환의 이해
서울대학교,간호학과,응급간호실무
서울대학교,간호학과,통합간호실무
서울대학교,간호학과,간호통계프로그래밍개론
서울대학교,간호학과,치매간호와 테크놀로지
서울대학교,간호학과,현대건강문제와 간호
서울대학교,간호학과,여성의 건강과 간호
서울대학교,간호학과,지역사회 정신간호
서울대학교,간호학과,"장애, 돌봄 그리고 간호"
서울대학교,간호학과,분석심리의 간호학적 적용
서울대학교,간호학과,간호대학생을 위한 정신약물의 이해
서울대학교,간호학과,건강 행위의 이해
서울대학교,간호학과,환자안전 간호
서울대학교,간호학과,간호과정과 실무
서울대학교,간호학과,디지털 헬스케어와 간호
서울대학교,간호학과,아동안전과 간호
서울대학교,간호학과,정밀의료시대의 간호
서울대학교,간호학과,중환자간호 및 실습
서울대학교,간호학과,보건의료와 간호정책
서울대학교,간호학과,다문화사회의 이해와 간호
서울대학교,경영대학,투자론
서울대학교,경영대학,마케팅관리
서울대학교,경영대학,마케팅사례연구
서울대학교,경영대학,마케팅조사론
서울대학교,경영대학,마케팅특강
서울대학교,경영대학,보험과 위험관리
서울대학교,경영대학,위험과 경영
서울대학교,경영대학,인사관리
서울대학교,경영대학,자본시장과 회계정보
서울대학교,경영대학,재무관리
서울대학교,경영대학,재무제표분석 및 기업가치 평가
서울대학교,경영대학,전략적 브랜드 관리
서울대학교,경영대학,정보시스템특강
서울대학교,경영대학,조직행동론
서울대학교,경영대학,중급회계 1
서울대학교,경영대학,중급회계 2
서울대학교,경영대학,채권분석
서울대학교,경영대학,특수경영론
서울대학교,경영대학,파생금융상품론
서울대학교,경영대학,회계감사
서울대학교,경영대학,회계원리
서울대학교,경영대학,회계정보와 경영의사결정
서울대학교,경영대학,회계학특강
서울대학교,경영대학,마케팅 애널리틱스
서울대학교,경영대학,마케팅 모형
서울대학교,경영대학,경영과학
서울대학교,경영대학,경영을 위한 경제학
서울대학교,경영대학,경영전략
서울대학교,경영대학,경영정보론
서울대학교,경영대학,경영철학과 윤리
서울대학교,경영대학,경영학과 나의 미래
서울대학교,경영대학,관리회계
서울대학교,경영대학,광고관리론
서울대학교,경영대학,국제금융관리론
서울대학교,경영대학,기업가치금융
서울대학교,경영대학,기업과 경력개발
서울대학교,경영대학,기업법
서울대학교,경영대학,기업지배구조의 이론과 실제
서울대학교,경영대학,노사관계론
서울대학교,경영학과,국제금융관리론
서울대학교,경영학과,문화예술 마케팅
서울대학교,경영학과,미래산업 전망과 이해
서울대학교,경영학과,벤처경영학 특강 
서울대학교,경영학과,벤처사업 기회연구
서울대학교,경영학과,벤처창업과 투자
서울대학교,경영학과,벤처창업론
서울대학교,경영학과,벤처캐피탈 개론
서울대학교,경영학과,보험과 위험관리
서울대학교,경영학과,비즈니스 애널리틱스 개론
서울대학교,경영학과,사회적 기업의 창업
서울대학교,경영학과,생산서비스운영
서울대학교,경영학과,생산특강
서울대학교,경영학과,세무회계
서울대학교,경영학과,소비자행동
서울대학교,경영학과,스타트업 해커톤 캠프
서울대학교,경영학과,원가회계
서울대학교,경영학과,인사관리
서울대학교,경영학과,재무관리
서울대학교,경영학과,마케팅특강
서울대학교,경영학과,마케팅조사론
서울대학교,경영학과,마케팅관리
서울대학교,경영학과,기업과 경력개발
서울대학교,경영학과,기업경영특강
서울대학교,경영학과,기술 트렌드와 사업기회 분석
서울대학교,경영학과,금융공학과 퀀트분석
서울대학교,경영학과,기업재무론
서울대학교,경영학과,국제경영
서울대학교,경영학과,광고관리론
서울대학교,경영학과,관리회계
서울대학교,경영학과,고급회계
서울대학교,경영학과,고객경험디자인과 콘텐츠 전략
서울대학교,경영학과,경영학특강
서울대학교,경영학과,경영정보론
서울대학교,경영학과,경영전략
서울대학교,경영학과,경영빅데이터분석개론
서울대학교,경영학과,경영과학
서울대학교,경영학과,네트워크비즈니스경영
서울대학교,경영학과,노사관계론
서울대학교,경영학과,디지털 마케팅
서울대학교,경영학과,재무와 기계학습
서울대학교,경영학과,재무제표분석 및 기업가치평가
서울대학교,경영학과,전략과 조직
서울대학교,경영학과,기업법
서울대학교,경영학과,회계학특강
서울대학교,경영학과,회계원리
서울대학교,경영학과,회계감사
서울대학교,경영학과,현대경영이론
서울대학교,경영학과,한국 기업 경쟁력의 이해
서울대학교,경영학과,핀테크 사례연구
서울대학교,경영학과,파생금융상품론
서울대학교,경영학과,특수경영론
서울대학교,경영학과,투자론
서울대학교,경영학과,창조와혁신
서울대학교,경영학과,창업론 실습 2
서울대학교,경영학과,창업론 실습 1
서울대학교,경영학과,창업가와 실용주의 프로그래밍 2
서울대학교,경영학과,창업가와 실용주의 프로그래밍 1
서울대학교,경영학과,조직이론
서울대학교,경영학과,제품 기획론
서울대학교,경영학과,정보시스템특강
서울대학교,경영학과,전자상거래
서울대학교,(공과대학)광역,공학 전공 탐색
서울대학교,건설환경도시공학부,기초유체역학 및 실험
서울대학교,건설환경도시공학부,)철근콘크리트공학 2
서울대학교,건설환경도시공학부,해안 및 항만공학
서울대학교,건설환경도시공학부,도시의 물질과 에너지 순환
서울대학교,건설환경도시공학부,건설 공정관리
서울대학교,건설환경도시공학부,기후변화 적응과 건설환경계획
서울대학교,건설환경도시공학부,토목지질암반공학
서울대학교,건설환경도시공학부,건설환경정보공학
서울대학교,건설환경도시공학부,수리학 및 실험
서울대학교,건설환경도시공학부,환경공학
서울대학교,건설환경도시공학부,포장공학
서울대학교,건설환경도시공학부,수질오염의 공학적 해결
서울대학교,건설환경도시공학부,도시 및 지역경제론
서울대학교,건설환경도시공학부,도로공학
서울대학교,건설환경도시공학부,건설시공학
서울대학교,건설환경도시공학부,인공지능 응용 교통시스템
서울대학교,건설환경도시공학부,토양환경생태공학
서울대학교,건설환경도시공학부,구조해석 1
서울대학교,건설환경도시공학부,지반시험 및 모델링
서울대학교,건설환경도시공학부,환경공학 실험 및 설계
서울대학교,건설환경도시공학부,하천 및 댐공학
서울대학교,건설환경도시공학부,지속 가능 교통 체계
서울대학교,건설환경도시공학부,건설환경 디지털 공학설계
서울대학교,건설환경도시공학부,구조해석 2
서울대학교,건설환경도시공학부,공간정보공학
서울대학교,건설환경도시공학부,도시계획
서울대학교,건설환경도시공학부,철근콘크리트공학 1
서울대학교,건설환경도시공학부,교통시스템설계
서울대학교,건설환경도시공학부,상수도 공학 및 실험
서울대학교,건설환경도시공학부,토질역학
서울대학교,건설환경도시공학부,건설환경 통계학
서울대학교,건설환경도시공학부,건설시스템종합설계
서울대학교,건설환경도시공학부,교통계획 및 실험
서울대학교,건설환경도시공학부,건설환경도시공학 개론
서울대학교,건설환경도시공학부,수문학
서울대학교,건설환경도시공학부,공간정보시스템
서울대학교,건설환경도시공학부,토질공학
서울대학교,건설환경도시공학부,구조시스템계획
서울대학교,건설환경도시공학부,지반환경복원공학
서울대학교,건설환경도시공학부,건설시스템동역학
서울대학교,건설환경도시공학부,도시설계
서울대학교,건설환경도시공학부,원격탐사
서울대학교,건설환경도시공학부,건설계획 및 관리
서울대학교,건설환경도시공학부,재료역학 및 실험
서울대학교,건설환경도시공학부,건설환경시스템 지속가능공학
서울대학교,건설환경도시공학부,건설환경재료학
서울대학교,건설환경도시공학부,교통공학 및 실험
서울대학교,건설환경도시공학부,수자원 공학
서울대학교,건설환경도시공학부,단지계획
서울대학교,건설환경도시공학부,국토 및 지역계획
서울대학교,건축학과,기초스튜디오 4
서울대학교,건축학과,기초스튜디오 3
서울대학교,건축학과,기초스튜디오 2
서울대학교,건축학과,기초스튜디오 1
서울대학교,건축학과,건축환경시스템
서울대학교,건축학과,건축재료역학 1
서울대학교,건축학과,건축사 2
서울대학교,건축학과,건축사 1
서울대학교,건축학과,건축과 컴퓨터
서울대학교,건축학과,건축구조시스템
서울대학교,건축학과(건축공학전공),콘크리트구조설계 및 공법 1
서울대학교,건축학과(건축공학전공),건축시공 및 건설관리 입문
서울대학교,건축학과(건축공학전공),방호시설공학설계
서울대학교,건축학과(건축공학전공),건물설비시스템
서울대학교,건축학과(건축공학전공),콘크리트구조설계 및 공법 2
서울대학교,건축학과(건축공학전공),철골구조설계 및 공법
서울대학교,건축학과(건축공학전공),건설경영
서울대학교,건축학과(건축공학전공),건축전기 및 조명이론
서울대학교,건축학과(건축공학전공),건축구조해석
서울대학교,건축학과(건축공학전공),건설관리
서울대학교,건축학과(건축공학전공),스마트건설기술
서울대학교,건축학과(건축공학전공),건축전산
서울대학교,건축학과(건축공학전공),구조 및 재료실험
서울대학교,건축학과(건축공학전공),구조설계
서울대학교,건축학과(건축공학전공),건축환경설계
서울대학교,건축학과(건축공학전공),건축공학시스템설계
서울대학교,건축학과(건축공학전공),구조동역학
서울대학교,건축학과(건축공학전공),건축시공
서울대학교,건축학과(건축공학전공),건축재료
서울대학교,건축학과(건축공학전공),건축재료역학 2
서울대학교,건축학과(건축공학전공),건물열에너지이론
서울대학교,건축학과(건축학전공(5년)),도시건축·공간계획
서울대학교,건축학과(건축학전공(5년)),건축환경계획
서울대학교,건축학과(건축학전공(5년)),건축재료계획
서울대학교,건축학과(건축학전공(5년)),건축의장
서울대학교,건축학과(건축학전공(5년)),건축실무
서울대학교,건축학과(건축학전공(5년)),건축시공기술
서울대학교,건축학과(건축학전공(5년)),건축설비계획
서울대학교,건축학과(건축학전공(5년)),건축설비
서울대학교,건축학과(건축학전공(5년)),도시문화와 보전
서울대학교,건축학과(건축학전공(5년)),디지털 디자인 스튜디오
서울대학교,건축학과(건축학전공(5년)),건축디자인이론 1
서울대학교,건축학과(건축학전공(5년)),디지털 디자인 연구
서울대학교,건축학과(건축학전공(5년)),실내설계
서울대학교,건축학과(건축학전공(5년)),아시아건축과 도시
서울대학교,건축학과(건축학전공(5년)),주거계획
서울대학교,건축학과(건축학전공(5년)),한국건축
서울대학교,건축학과(건축학전공(5년)),건축디자인이론 2
서울대학교,건축학과(건축학전공(5년)),한국 근현대 도시와 주택
서울대학교,건축학과(건축학전공(5년)),건축설계스튜디오 5-2
서울대학교,건축학과(건축학전공(5년)),건축설계스튜디오 5-1
서울대학교,건축학과(건축학전공(5년)),건물시스템
서울대학교,건축학과(건축학전공(5년)),건축과 도시설계
서울대학교,건축학과(건축학전공(5년)),건축과 사회
서울대학교,건축학과(건축학전공(5년)),건축구조계획
서울대학교,건축학과(건축학전공(5년)),건축기획
서울대학교,건축학과(건축학전공(5년)),건축법과 제도
서울대학교,건축학과(건축학전공(5년)),건축설계스튜디오 3-1
서울대학교,건축학과(건축학전공(5년)),건축설계스튜디오 3-2
서울대학교,건축학과(건축학전공(5년)),건축설계스튜디오 4-1
서울대학교,건축학과(건축학전공(5년)),건축설계스튜디오 4-2
서울대학교,기계공학부,유체역학
서울대학교,기계공학부,유동과 설계
서울대학교,기계공학부,열전달
서울대학교,기계공학부,열역학
서울대학교,기계공학부,역학과 파동
서울대학교,기계공학부,역학과 설계
서울대학교,기계공학부,공학수학 3
서울대학교,기계공학부,응용유체역학
서울대학교,기계공학부,자동차동력원
서울대학교,기계공학부,재료와 제조공정
서울대학교,기계공학부,전과정평가 기계공학응용
서울대학교,기계공학부,창의공학설계
서울대학교,기계공학부,최적설계
서울대학교,기계공학부,컴퓨터시뮬레이션과 머신러닝
서울대학교,기계공학부,스마트 제조 실험
서울대학교,기계공학부,수소에너지 실험
서울대학교,기계공학부,수소생산과 연료전지응용
서울대학교,기계공학부,공학연구의 실습 1
서울대학교,기계공학부,공학연구의 실습 2
서울대학교,기계공학부,광학 이론 및 설계
서울대학교,기계공학부,극초음속 비행체 설계
서울대학교,기계공학부,기계공학개론
서울대학교,기계공학부,기계공학도를 위한 광학실험
서울대학교,기계공학부,기계공학실험
서울대학교,기계공학부,기계공학을 위한 머신러닝
서울대학교,기계공학부,기계산업경영 1
서울대학교,기계공학부,기계산업경영 2
서울대학교,기계공학부,기계시스템 모델링 및 제어
서울대학교,기계공학부,기계시스템 설계와 로봇 프로그래밍의 기초
서울대학교,기계공학부,기계시스템설계 1
서울대학교,기계공학부,기계시스템설계 2
서울대학교,기계공학부,박막 유체역학
서울대학교,기계공학부,바이오시스템 모델링 및 제어
서울대학교,기계공학부,미래자동차공학
서울대학교,기계공학부,메카트로닉스
서울대학교,기계공학부,메카노바이오공학
서울대학교,기계공학부,마이크로-나노 기계공학
서울대학교,기계공학부,마이크로나노 가공생산
서울대학교,기계공학부,로봇공학입문
서울대학교,기계공학부,로봇 비전
서울대학교,기계공학부,동역학
서울대학교,기계공학부,기계제품설계
서울대학교,기계공학부,고체강도거동학
서울대학교,기계공학부,고체역학
서울대학교,산업공학과,경영과학1
서울대학교,산업공학과,경영과학2
서울대학교,산업공학과,경제성공학
서울대학교,산업공학과,공학도를 위한 창의적 사고
서울대학교,산업공학과,과학적 관리
서울대학교,산업공학과,금융공학개론
서울대학교,산업공학과,기술경영
서울대학교,산업공학과,데이터관리와 분석
서울대학교,산업공학과,데이터마이닝
서울대학교,산업공학과,물류관리
서울대학교,산업공학과,산업경영수리기법
서울대학교,산업공학과,산업공정설계
서울대학교,산업공학과,산업공학의 이해
서울대학교,산업공학과,제품개발 및 품질설계
서울대학교,산업공학과,빅데이터 산업응용
서울대학교,산업공학과,핀테크 개론
서울대학교,산업공학과,산업 텍스트 애널리틱스
서울대학교,산업공학과,기술창업론(연합)
서울대학교,산업공학과,기술경영 개론(연합)
서울대학교,산업공학과,기술경영 프로젝트(연합)
서울대학교,산업공학과,전략로드매핑(연합)
서울대학교,산업공학과,지식재산경영(연합)
서울대학교,산업공학과,지식경영전략(연합)
서울대학교,산업공학과,최적화알고리즘
서울대학교,산업공학과,휴먼인터페이스디자인
서울대학교,산업공학과,최적화모형 및 응용
서울대학교,산업공학과,인간공학실험
서울대학교,산업공학과,인간공학 설계
서울대학교,산업공학과,인간공학
서울대학교,산업공학과,시뮬레이션
서울대학교,산업공학과,생산관리
서울대학교,산업공학과,산업컴퓨팅개론
서울대학교,산업공학과,산업공학통계
서울대학교,에너지자원공학과,자원개발공학
서울대학교,에너지자원공학과,에너지자원전기화학
서울대학교,에너지자원공학과,탄성파탐사
서울대학교,에너지자원공학과,에너지자원물리화학 2
서울대학교,에너지자원공학과,중자력?및?전자기탐사
서울대학교,에너지자원공학과,에너지자원지구화학
서울대학교,에너지자원공학과,에너지자원유체역학
서울대학교,에너지자원공학과,에너지자원물리화학 1
서울대학교,에너지자원공학과,에너지자원재료역학
서울대학교,에너지자원공학과,에너지자원공학실습
서울대학교,에너지자원공학과,에너지와 기술의 경제학
서울대학교,에너지자원공학과,에너지자원공학의?이해
서울대학교,에너지자원공학과,에너지자원공학개론
서울대학교,에너지자원공학과,터널 및 지하공간설계
서울대학교,에너지자원공학과,지질공학
서울대학교,에너지자원공학과,지구통계학
서울대학교,에너지자원공학과,에너지환경기술경영
서울대학교,에너지자원공학과,에너지원격탐사
서울대학교,에너지자원공학과,암석물리학 개론
서울대학교,에너지자원공학과,"이산화탄소 포집, 활용, 저장"
서울대학교,에너지자원공학과,태양에너지공학
서울대학교,에너지자원공학과,에너지사업 타당성평가
서울대학교,에너지자원공학과,에너지자원 리사이클링
서울대학교,에너지자원공학과,지구물리 모니터링
서울대학교,에너지자원공학과,지열에너지공학
서울대학교,에너지자원공학과,저류층지오메카닉스
서울대학교,에너지자원공학과,에너지자원환경공학
서울대학교,에너지자원공학과,에너지자원공학설계
서울대학교,에너지자원공학과,에너지환경 전기화학시스템
서울대학교,에너지자원공학과,에너지 데이터 사이언스
서울대학교,에너지자원공학과,에너지자원순환공학
서울대학교,에너지자원공학과,에너지자원 전달 현상
서울대학교,에너지자원공학과,에너지자원처리공학
서울대학교,에너지자원공학과,에너지GIS
서울대학교,에너지자원공학과,에너지변환전자재료
서울대학교,에너지자원공학과,물리검층 개론
서울대학교,에너지자원공학과,에너지소재열역학
서울대학교,에너지자원공학과,암석역학 및 실험
서울대학교,에너지자원공학과,암반공학응용 및 설계
서울대학교,에너지자원공학과,신재생에너지
서울대학교,에너지자원공학과,시추공학
서울대학교,에너지자원공학과,석유가스공학 및 실험
서울대학교,에너지자원공학과,국제에너지시장분석
서울대학교,원자핵공학과,플라즈마전자역학2
서울대학교,원자핵공학과,핵계측
서울대학교,원자핵공학과,핵공학개론 1
서울대학교,원자핵공학과,핵공학개론 2
서울대학교,원자핵공학과,핵공학기초실험
서울대학교,원자핵공학과,핵공학 시뮬레이션 실습
서울대학교,원자핵공학과,핵비확산과 핵안보
서울대학교,원자핵공학과,핵연료주기공학
서울대학교,원자핵공학과,핵융합기초
서울대학교,원자핵공학과,핵융합 플라즈마 실험
서울대학교,원자핵공학과,핵재료 시뮬레이션 입문
서울대학교,원자핵공학과,핵화학 기초
서울대학교,원자핵공학과,확률론적 안전해석
서울대학교,원자핵공학과,플라즈마전자역학1
서울대학교,원자핵공학과,플라즈마기초
서울대학교,원자핵공학과,응용핵물리
서울대학교,원자핵공학과,원자핵공학의 미래
서울대학교,원자핵공학과,핵공학 물리 기초
서울대학교,원자핵공학과,방사선 물리와 방호
서울대학교,원자핵공학과,방사선량평가법
서울대학교,원자핵공학과,방사선의산업및의학응용
서울대학교,원자핵공학과,산업 플라즈마 공학
서울대학교,원자핵공학과,수치해석기초
서울대학교,원자핵공학과,에너지정책 및 경제
서울대학교,원자핵공학과,에너지물리화학
서울대학교,원자핵공학과,열역학 및 원자력시스템
서울대학교,원자핵공학과,원자력법과 사회
서울대학교,원자핵공학과,원자력 부품 및 소재
서울대학교,원자핵공학과,원자력재료 기초
서울대학교,원자핵공학과,원자핵공학 학사논문연구 2
서울대학교,원자핵공학과,원자핵공학 학사논문연구 1
서울대학교,원자핵공학과,원자로 열유체 실험
서울대학교,원자핵공학과,원자로이론
서울대학교,원자핵공학과,원자력시스템실습
서울대학교,원자핵공학과,원자력 재료 실험
서울대학교,원자핵공학과,원자력열유체공학
서울대학교,원자핵공학과,원자로안전공학
서울대학교,원자핵공학과,원자로물리실험
서울대학교,재료공학부,최신반도체 재료 및 소자
서울대학교,재료공학부,차세대 반도체 재료 및 소자
서울대학교,재료공학부,현대재료물리화학
서울대학교,재료공학부,재료바이오입문
서울대학교,재료공학부,재료기계학습
서울대학교,재료공학부,재료공학원리
서울대학교,재료공학부,재료공정통계분석 및 설계
서울대학교,재료공학부,세라믹재료개론
서울대학교,재료공학부,"뉴로모픽 컴퓨팅 재료, 소자 및 알고리즘"
서울대학교,재료공학부,금속재료개론
서울대학교,재료공학부,고분자재료개론
서울대학교,재료공학부,재료제작기초실습
서울대학교,재료공학부,제련공학
서울대학교,재료공학부,유기재료화학
서울대학교,재료공학부,유기재료공학
서울대학교,재료공학부,에너지재료 및 소자
서울대학교,재료공학부,스핀재료과학과 응용
서울대학교,재료공학부,세라믹스공정
서울대학교,재료공학부,세라믹스 물리화학
서울대학교,재료공학부,생체의료용재료
서울대학교,재료공학부,분자전자재료
서울대학교,재료공학부,반도체집적공정
서울대학교,재료공학부,박막소자 및 응용
서울대학교,재료공학부,물리야금학
서울대학교,재료공학부,디스플레이 재료 및 소자
서울대학교,재료공학부,나노기술과 재료
서울대학교,재료공학부,금속재료학
서울대학교,재료공학부,고분자재료화학
서울대학교,재료공학부,고분자재료물리
서울대학교,재료공학부,결정학개론
서울대학교,재료공학부,응용전기화학
서울대학교,재료공학부,재료결정결함
서울대학교,재료공학부,재료구조분석
서울대학교,재료공학부,전자세라믹스
서울대학교,재료공학부,재료현대물리
서울대학교,재료공학부,재료종합실험
서울대학교,재료공학부,재료종합설계
서울대학교,재료공학부,재료이동현상론
서울대학교,재료공학부,재료의 전자기적 성질
서울대학교,재료공학부,재료의 기계적 거동
서울대학교,재료공학부,재료열역학
서울대학교,재료공학부,재료역학개론
서울대학교,재료공학부,재료실험2
서울대학교,재료공학부,재료실험1
서울대학교,재료공학부,재료수치해석
서울대학교,재료공학부,재료상변태
서울대학교,재료공학부,재료반응공정 및 설계
서울대학교,재료공학부,재료물리화학
서울대학교,재료공학부,재료기기분석
서울대학교,전기?정보공학부,아날로그전자회로
서울대학교,전기?정보공학부,알고리즘의 기초
서울대학교,전기?정보공학부,양자역학의 응용
서울대학교,전기?정보공학부,운영체제의 기초
서울대학교,전기?정보공학부,유기전자소자
서울대학교,전기?정보공학부,융합공학도를 위한 전기전자회로
서울대학교,전기?정보공학부,자료구조의 기초
서울대학교,전기?정보공학부,전기.정보공학개론
서울대학교,전기?정보공학부,전기공학설계프로젝트
서울대학교,전기?정보공학부,전기기기 및 제어
서울대학교,전기?정보공학부,신호 및 시스템
서울대학교,전기?정보공학부,생체전기정보공학
서울대학교,전기?정보공학부,생체계측
서울대학교,전기?정보공학부,반도체소자
서울대학교,전기?정보공학부,로봇공학개론
서울대학교,전기?정보공학부,딥러닝의 기초
서울대학교,전기?정보공학부,디지털집적회로
서울대학교,전기?정보공학부,디지털 시스템 설계 및 실험
서울대학교,전기?정보공학부,기계학습 기초
서울대학교,전기?정보공학부,기초전자기학 및 연습
서울대학교,전기?정보공학부,디지털신호처리의 기초
서울대학교,전기?정보공학부,기초전자회로 및 실험
서울대학교,전기?정보공학부,기초회로이론 및 실험
서울대학교,전기?정보공학부,나노소자의 기초
서울대학교,전기?정보공학부,네트워크 프로토콜 설 계 및 실습
서울대학교,전기?정보공학부,논리설계 및 실험
서울대학교,전기?정보공학부,전기시스템선형대수
서울대학교,전기?정보공학부,전기에너지변환
서울대학교,전기?정보공학부,데이터통신망의 기초
서울대학교,전기?정보공학부,확률변수 및 확률과정의 기초
서울대학교,전기?정보공학부,프로그래밍방법론
서울대학교,전기?정보공학부,통신의 기초
서울대학교,전기?정보공학부,통신시스템
서울대학교,전기?정보공학부,컴퓨터조직론
서울대학교,전기?정보공학부,컴퓨터비전의 기초
서울대학교,전기?정보공학부,컴퓨터 시스템 프로그래밍
서울대학교,전기?정보공학부,컴파일러의 기초
서울대학교,전기?정보공학부,최신제어기법
서울대학교,전기?정보공학부,창의공학설계
서울대학교,전기?정보공학부,전력 및 에너지시스템의 기초
서울대학교,전기?정보공학부,광전자공학
서울대학교,전기?정보공학부,전력시장이론
서울대학교,전기?정보공학부,전력전자공학
서울대학교,전기?정보공학부,전자기학
서울대학교,전기?정보공학부,전자물리의 기초
서울대학교,전기?정보공학부,전파공학
서울대학교,전기?정보공학부,정보 이론
서울대학교,전기?정보공학부,제어공학개론
서울대학교,전기?정보공학부,지능시스템개론
서울대학교,조선해양공학과,선박소음진동론
서울대학교,조선해양공학과,선박해양생산공학
서울대학교,조선해양공학과,선박해양설계이론
서울대학교,조선해양공학과,선박해양유체역학
서울대학교,조선해양공학과,신호처리
서울대학교,조선해양공학과,유체역학기초
서울대학교,조선해양공학과,조선해양공학의 이해
서울대학교,조선해양공학과,조선해양창의실험
서울대학교,조선해양공학과,해양파역학
서울대학교,조선해양공학과,컴퓨터이용선박설계
서울대학교,조선해양공학과,선박해양구조진동학
서울대학교,조선해양공학과,선박계산
서울대학교,조선해양공학과,기초유한요소이론
서울대학교,조선해양공학과,구조정역학
서울대학교,조선해양공학과,구조동역학
서울대학교,조선해양공학과,조선해양 학사논문연구 2
서울대학교,조선해양공학과,조선해양 학사논문연구 1
서울대학교,조선해양공학과,조선해양기계학습
서울대학교,조선해양공학과,조선해양프로젝트
서울대학교,조선해양공학과,선박해양운동조종론
서울대학교,조선해양공학과,선박해양구조역학
서울대학교,조선해양공학과,친환경 선박해양 공정시스템 설계
서울대학교,조선해양공학과,해양열역학
서울대학교,조선해양공학과,선박 해양 탄소중립 에너지 개론
서울대학교,조선해양공학과,선박해양저항추진론
서울대학교,컴퓨터공학부,창의적통합설계1
서울대학교,컴퓨터공학부,데이터마이닝 개론
서울대학교,컴퓨터공학부,창의적통합설계2
서울대학교,컴퓨터공학부,컴퓨터융합응용
서울대학교,컴퓨터공학부,인간컴퓨터상호작용
서울대학교,컴퓨터공학부,기계학습 개론
서울대학교,컴퓨터공학부,컴퓨터비전
서울대학교,컴퓨터공학부,컴퓨터 신기술 특강
서울대학교,컴퓨터공학부,인터넷 보안
서울대학교,컴퓨터공학부,양자 컴퓨팅 및 정보의 기초
서울대학교,컴퓨터공학부,IT창업개론
서울대학교,컴퓨터공학부,컴퓨터교육의 실무응용
서울대학교,컴퓨터공학부,자연언어처리 개론
서울대학교,컴퓨터공학부,현대암호학 개론
서울대학교,컴퓨터공학부,소프트웨어 엄밀 검증
서울대학교,컴퓨터공학부,컴퓨팅 살펴보기
서울대학교,컴퓨터공학부,소프트웨어 개발의 원리와 실습
서울대학교,컴퓨터공학부,하드웨어시스템설계
서울대학교,컴퓨터공학부,논리설계
서울대학교,컴퓨터공학부,데이터베이스
서울대학교,컴퓨터공학부,데이타통신
서울대학교,컴퓨터공학부,멀티코어 컴퓨팅
서울대학교,컴퓨터공학부,모바일 컴퓨팅과 응용
서울대학교,컴퓨터공학부,선형 및 비선형 계산모델
서울대학교,컴퓨터공학부,소프트웨어공학
서울대학교,컴퓨터공학부,시스템프로그래밍
서울대학교,컴퓨터공학부,알고리즘
서울대학교,컴퓨터공학부,오토마타이론
서울대학교,컴퓨터공학부,운영체제
서울대학교,컴퓨터공학부,이산수학
서울대학교,컴퓨터공학부,인공지능
서울대학교,컴퓨터공학부,임베디드시스템과 응용
서울대학교,컴퓨터공학부,컴퓨터구조
서울대학교,컴퓨터공학부,컴퓨터그래픽스
서울대학교,컴퓨터공학부,컴퓨터네트워크
서울대학교,컴퓨터공학부,컴퓨터모델링
서울대학교,컴퓨터공학부,컴퓨터프로그래밍
서울대학교,컴퓨터공학부,프로그래밍언어
서울대학교,컴퓨터공학부,프로그래밍연습
서울대학교,컴퓨터공학부,프로그래밍의 원리
서울대학교,컴퓨터공학부,컴파일러
서울대학교,컴퓨터공학부,전기전자회로
서울대학교,컴퓨터공학부,자료구조
서울대학교,항공우주공학과,비행체 제어원리
서울대학교,항공우주공학과,항공우주공학실험 2
서울대학교,항공우주공학과,항공우주공학실험 1
서울대학교,항공우주공학과,항공우주 통합 시스템 설계 및 제작 2
서울대학교,항공우주공학과,항공우주 통합 시스템 설계 및 제작 1
서울대학교,항공우주공학과,항공우주 진동론
서울대학교,항공우주공학과,항공우주 센서시스템
서울대학교,항공우주공학과,항공우주 선형대수
서울대학교,항공우주공학과,우주항공 마이크로/나노공학
서울대학교,항공우주공학과,우주항공 고체역학 2
서울대학교,항공우주공학과,우주항공 고체역학 1 
서울대학교,항공우주공학과,우주역학
서울대학교,항공우주공학과,압축성유체역학
서울대학교,항공우주공학과,소음공학
서울대학교,항공우주공학과,비행동역학및제어
서울대학교,항공우주공학과,로케트추진
서울대학교,항공우주공학과,기초공학확률
서울대학교,항공우주공학과,고에너지열유체역학
서울대학교,항공우주공학과,항공우주공학입문
서울대학교,항공우주공학과,항공교통 및 항행시스템
서울대학교,항공우주공학과,헬리콥터공학
서울대학교,항공우주공학과,항공역학
서울대학교,항공우주공학과,항공기구조역학
서울대학교,항공우주공학과,항공기개념설계
서울대학교,항공우주공학과,제트추진
서울대학교,항공우주공학과,점성 유체역학
서울대학교,항공우주공학과,전산유체역학 기초
서울대학교,항공우주공학과,전산구조해석
서울대학교,항공우주공학과,항공우주 마이크로 나노공학
서울대학교,항공우주공학과,항공우주 고체역학 2
서울대학교,항공우주공학과,항공우주 고체역학 1
서울대학교,항공우주공학과,항공드론빅데이터알고리즘
서울대학교,항공우주공학과,항공드론3D프린팅응용
서울대학교,항공우주공학과,운동체역학
서울대학교,항공우주공학과,항공우주혁신설계입문
서울대학교,항공우주공학과,항공우주열역학
서울대학교,화학생물공학부,반응공학2
서울대학교,화학생물공학부,응용생화학2
서울대학교,화학생물공학부,공학기술과 경영
서울대학교,화학생물공학부,창의연구
서울대학교,화학생물공학부,세포생물공학
서울대학교,화학생물공학부,화학생물공학을 위한 인공지능
서울대학교,화학생물공학부,환경화학생물공학
서울대학교,화학생물공학부,반도체 소재 및 공정
서울대학교,화학생물공학부,화학생물공학의 이해
서울대학교,화학생물공학부,물리화학2
서울대학교,화학생물공학부,물리화학1
서울대학교,화학생물공학부,무기 및 재료화학
서울대학교,화학생물공학부,기기분석
서울대학교,화학생물공학부,공학지식의 실무응용
서울대학교,화학생물공학부,공학생물
서울대학교,화학생물공학부,공정제어 및 설계
서울대학교,화학생물공학부,고분자물성
서울대학교,화학생물공학부,고분자화학
서울대학교,화학생물공학부,공정 및 제품설계
서울대학교,화학생물공학부,응용생화학 1
서울대학교,화학생물공학부,화학생물공학개론
서울대학교,화학생물공학부,환경공학개론
서울대학교,화학생물공학부,분리공정
서울대학교,화학생물공학부,분석화학
서울대학교,화학생물공학부,분자생물공학
서울대학교,화학생물공학부,생물화학공학
서울대학교,화학생물공학부,양자역학의 기초
서울대학교,화학생물공학부,열 및 물질전달
서울대학교,화학생물공학부,유기정밀화학
서울대학교,화학생물공학부,유기화학1
서울대학교,화학생물공학부,유기화학2
서울대학교,화학생물공학부,전기화학
서울대학교,화학생물공학부,촉매개론
서울대학교,화학생물공학부,화공열역학
서울대학교,화학생물공학부,화공전산응용
서울대학교,화학생물공학부,반응공학1
서울대학교,화학생물공학부,화학생물공정실험
서울대학교,화학생물공학부,화학생물공학기초실험
서울대학교,화학생물공학부,화학생물합성실험
서울대학교,화학생물공학부,화학산업경영
서울대학교,화학생물공학부,공정유체역학
서울대학교,농경제사회학부,식품 및 바이오비즈니스경영진단
서울대학교,농경제사회학부,공간경제모형론
서울대학교,농경제사회학부,지속가능성 경제론
서울대학교,농경제사회학부,공간경제 계량분석
서울대학교,농경제사회학부,식품마케팅 및 정보경영사례연구
서울대학교,농경제사회학부,지역정보학연구
서울대학교,농경제사회학부,디지털 농식품 경제학
서울대학교,농경제사회학부,농식품 산업 정보 경영
서울대학교,농경제사회학부,농식품정보체계론
서울대학교,농경제사회학부,농식품산업정보분석론
서울대학교,농경제사회학부,토지 및 주택시장 경제분석
서울대학교,농경제사회학부,글로벌 농식품산업의 이해
서울대학교,농경제사회학부,농식품 산업과 게임이론 응용
서울대학교,농경제사회학부,농식품 경영과학
서울대학교,농경제사회학부,농식품 공급망 관리 
서울대학교,농경제사회학부,지역 중소기업 경영분석 
서울대학교,농경제사회학부,농식품 기술 경영 개론 
서울대학교,농경제사회학부,농식품 디지털 경영 및 e-비즈니스
서울대학교,농경제사회학부,기후변화의 경제학
서울대학교,농경제사회학부,기후 변화와 국제 식량 안보
서울대학교,농경제사회학부,경제통계학
서울대학교,농경제사회학부,거시경제이론
서울대학교,농경제사회학부,미시경제이론
서울대학교,농경제사회학부,국제개발과 농업 효과성평가
서울대학교,농경제사회학부,지역정보시스템
서울대학교,농경제사회학부,농식품브랜드경영의 이해
서울대학교,농경제사회학부,경제수학
서울대학교,농경제사회학부,경제원론1
서울대학교,농경제사회학부,경제원론2
서울대학교,농경제사회학부,농업경제학
서울대학교,농경제사회학부,농산업경영학
서울대학교,농경제사회학부,지역경제론
서울대학교,농경제사회학부,농경제계량분석
서울대학교,농경제사회학부,농식품가격론
서울대학교,농경제사회학부,생산경제학
서울대학교,농경제사회학부,자원경제학
서울대학교,농경제사회학부,농식품유통의 이론과 실제
서울대학교,농경제사회학부,농관련산업과 푸드시스템
서울대학교,농경제사회학부,응용기술경제학
서울대학교,농경제사회학부,시장개방과 농산물무역
서울대학교,농경제사회학부,인적자원경제학
서울대학교,농경제사회학부,경제발전과 농업
서울대학교,농경제사회학부,시장경제와 농식품정책
서울대학교,농경제사회학부,환경경제학
서울대학교,농경제사회학부,상품선물과 옵션의 이론과 실제
서울대학교,농경제사회학부,농촌개발의 이론과 실제
서울대학교,농경제사회학부,농산업경영실습
서울대학교,농경제사회학부,지역개발론
서울대학교,농경제사회학부,지속가능 지역계획론
서울대학교,농경제사회학부,공간경제의 이해
서울대학교,농경제사회학부,개발경제학과 농업
서울대학교,농업생명과학대학,농경제사회학입문
서울대학교,농업생명과학대학,농업경제학개론
서울대학교,농업생명과학대학,농업법개론
서울대학교,농업생명과학대학,분자생물학
서울대학교,농업생명과학대학,산림과학개론
서울대학교,농업생명과학대학,식물분류학 및 실험
서울대학교,농업생명과학대학,식물생산과학개론
서울대학교,농업생명과학대학,식품·동물생명공학개론
서울대학교,농업생명과학대학,응용생물화학개론
서울대학교,농업생명과학대학,조경·지역시스템공학개론
서울대학교,농업생명과학대학,컴퓨터프로그래밍개론
서울대학교,농업생명과학대학,통계학개론 및 실습
서울대학교,농업생명과학대학,영상식물학 개론
서울대학교,농업생명과학대학,4차 산업혁명과 농업 I
서울대학교,농업생명과학대학,산업교육방법 및 실습
서울대학교,농업생명과학대학,직업 및 진로지도
서울대학교,농업생명과학대학,농업교육학개론
서울대학교,농업생명과학대학,농업생명과학 논리 및 논술
서울대학교,농업생명과학대학,산업교육교재론
서울대학교,농업생명과학대학,유전학 및 실험
서울대학교,농업생명과학대학,환경과 농업
서울대학교,바이오시스템?소재학부,마이크로프로세서응용
서울대학교,바이오시스템?소재학부,정밀농업시스템공학
서울대학교,바이오시스템?소재학부,바이오시스템제어 및 실험
서울대학교,바이오시스템?소재학부,농업동력 및 트랙터
서울대학교,바이오시스템?소재학부,바이오시스템실험
서울대학교,바이오시스템?소재학부,생체물성공학 및 실험
서울대학교,바이오시스템?소재학부,전기전자응용 및 실험
서울대학교,바이오시스템?소재학부,생체열·물질전달
서울대학교,바이오시스템?소재학부,바이오열역학
서울대학교,바이오시스템?소재학부,수확후 공정공학 및 실험
서울대학교,바이오시스템?소재학부,생물환경시스템설계
서울대학교,바이오시스템?소재학부,바이오시스템공학연습
서울대학교,바이오시스템?소재학부,생체역학 및 실험
서울대학교,바이오시스템?소재학부,농업인공지능개론
서울대학교,바이오시스템?소재학부,바이오센서 응용 및 실험
서울대학교,바이오시스템?소재학부,노외기계 전기구동시스템
서울대학교,바이오시스템?소재학부,바이오시스템공학개론
서울대학교,바이오시스템?소재학부,기계학습 기초 및 바이오시스템공학 응용
서울대학교,바이오시스템?소재학부,기계요소설계 및 응용
서울대학교,바이오시스템?소재학부,생물생산 기계시스템 분석
서울대학교,바이오시스템?소재학부,유체역학 및 기계
서울대학교,바이오시스템?소재학부,생체분자개론
서울대학교,바이오시스템?소재학부,동역학
서울대학교,바이오시스템?소재학부,천연고분자 2
서울대학교,바이오시스템?소재학부,고분자재료 및 공정
서울대학교,바이오시스템?소재학부,고분자재료물성
서울대학교,바이오시스템?소재학부,고분자화학 1
서울대학교,바이오시스템?소재학부,고분자화학 2
서울대학교,바이오시스템?소재학부,기능성바이오소재
서울대학교,바이오시스템?소재학부,바이오소재실험 1
서울대학교,바이오시스템?소재학부,바이오소재실험 2
서울대학교,바이오시스템?소재학부,바이오소재공학개론
서울대학교,바이오시스템?소재학부,바이오소재기기분석
서울대학교,바이오시스템?소재학부,생물재료역학
서울대학교,바이오시스템?소재학부,천연고분자 1
서울대학교,바이오시스템?소재학부,생체재료설계기초 및 실습
서울대학교,바이오시스템?소재학부,생체고분자합성
서울대학교,바이오시스템?소재학부,생명분자공학개론
서울대학교,바이오시스템?소재학부,바이오소재역학
서울대학교,산림과학부,종이물성학과 지류패키징 및 실험
서울대학교,산림과학부,"접착, 도료과학 및 실험"
서울대학교,산림과학부,코팅과 이미징과학 및 실험
서울대학교,산림과학부,리그닌재료공정
서울대학교,산림과학부,산림환경과 ESG 경영
서울대학교,산림과학부,스마트산림종자학
서울대학교,산림과학부,산림치유복지학
서울대학교,산림과학부,경관생태관리 및 실습
서울대학교,산림과학부,산림경관보전계획
서울대학교,산림과학부,생태수문학 및 실습
서울대학교,산림과학부,산림식약용식물학
서울대학교,산림과학부,산림경관조사 및 분석
서울대학교,산림과학부,산림곤충학 및 실험
서울대학교,산림과학부,학술림 연구 및 실습
서울대학교,산림과학부,산림정책학 및 실습
서울대학교,산림과학부,조림학 및 실습
서울대학교,산림과학부,수목학
서울대학교,산림과학부,산림평가학 및 실습
서울대학교,산림과학부,산림경영학 및 실습
서울대학교,산림과학부,산림복원공학 및 실습
서울대학교,산림과학부,펄프공학 및 실험
서울대학교,산림과학부,목구조학 및 실험
서울대학교,산림과학부,천연임산물화학
서울대학교,산림과학부,환경재료화학공정
서울대학교,산림과학부,목재물리학 및 실험
서울대학교,산림과학부,목재조직학 및 실험
서울대학교,산림과학부,목재화학 및 실험
서울대학교,산림과학부,학술림임산실습
서울대학교,산림과학부,야생동물학 및 실습
서울대학교,산림과학부,수목생리학
서울대학교,산림과학부,산림환경학연구
서울대학교,산림과학부,산림환경관리실습
서울대학교,산림과학부,산림토양학 및 실험
서울대학교,산림과학부,산림지리정보학 및 실습
서울대학교,산림과학부,산림생태학 및 실습
서울대학교,산림과학부,산림생명공학 및 실험
서울대학교,산림과학부,산림보호학 및 실헙
서울대학교,산림과학부,보호지역과 사회
서울대학교,산림과학부,바이오복합재료학 및 실험
서울대학교,산림과학부,제지공정론
서울대학교,산림과학부,제지화학 및 실험
서울대학교,산림과학부,공학목재 및 실험
서울대학교,산림과학부,목재건조학 및 실험
서울대학교,산림과학부,환경재료과학 논문연구
서울대학교,스마트시스템과학과,스마트시스템과학 학사논문연구
서울대학교,스마트시스템과학과,스마트시스템 기계학습 및 딥러닝
서울대학교,스마트시스템과학과,스마트시스템 자료구조와 알고리즘
서울대학교,스마트시스템과학과,스마트시스템 클라우드 컴퓨팅
서울대학교,스마트시스템과학과,스마트시스템과학 인턴십
서울대학교,스마트시스템과학과,스마트시스템과학개론
서울대학교,스마트시스템과학과,동물스마트팜시스템 개론
서울대학교,스마트시스템과학과,환경 데이터 마이닝
서울대학교,스마트시스템과학과,시스템식물생산공학
서울대학교,스마트시스템과학과,농업인공지능 개론
서울대학교,스마트시스템과학과,데이터 기반 스마트 농산업 경영 혁신 전략
서울대학교,스마트시스템과학과,스마트 작물생산 기초
서울대학교,스마트시스템과학과,스마트시스템 생화학
서울대학교,스마트시스템과학과,스마트 생물정보학 개론
서울대학교,스마트시스템과학과,식물모델링 및 시뮬레이션
서울대학교,스마트시스템과학과,미생물유전체학
서울대학교,스마트시스템과학과,스마트 합성생물학
서울대학교,식물생산과학부,과수학 및 실험
서울대학교,식물생산과학부,산업인력개발행정 및 정책
서울대학교,식물생산과학부,농산업경영학
서울대학교,식물생산과학부,농업기상학
서울대학교,식물생산과학부,분석화학 및 실험
서울대학교,식물생산과학부,분자생물학
서울대학교,식물생산과학부,산업인력개발론
서울대학교,식물생산과학부,산업인력개발전문가론
서울대학교,식물생산과학부,산업인력개발평가론
서울대학교,식물생산과학부,농산물품질과학
서울대학교,식물생산과학부,산업인력양성프로그램개발
서울대학교,식물생산과학부,조경재료 및 시공
서울대학교,식물생산과학부,직업기술교육론
서울대학교,식물생산과학부,채소학 및 실험
서울대학교,식물생산과학부,청소년지도론
서울대학교,식물생산과학부,프레젠테이션과 매체개발
서울대학교,식물생산과학부,화훼학 및 실험
서울대학교,식물생산과학부,작물생명과학실험 및 실습 1
서울대학교,식물생산과학부,작물생명과학실험 및 실습 2
서울대학교,식물생산과학부,원예생명공학 및 실험 2
서울대학교,식물생산과학부,원예생명공학 및 실험1
서울대학교,식물생산과학부,산업인력개발교수학습방법론
서울대학교,식물생산과학부,직업세계와 노동시장
서울대학교,식물생산과학부,산업인력개발 통계분석 및 실습
서울대학교,식물생산과학부,산업인력리더십개발 및 코칭
서울대학교,식물생산과학부,산업인력조직개발론
서울대학교,식물생산과학부,국제개발협력과 인력개발
서울대학교,식물생산과학부,산업인력개발학 학사논문연구
서울대학교,식물생산과학부,산업인력자원 관리 및 개발
서울대학교,식물생산과학부,"디지털 전환 시대의 삶, 진로, 직업"
서울대학교,식물생산과학부,전략적 산업인력개발 개론
서울대학교,식물생산과학부,특용 및 사료작물학
서울대학교,식물생산과학부,종묘생산학 및 실험
서울대학교,식물생산과학부,식물세포생물학
서울대학교,식물생산과학부,식물과 환경의 상호작용
서울대학교,식물생산과학부,원예생명공학 학사논문연구1
서울대학교,식물생산과학부,원예생명공학 학사논문연구2
서울대학교,식물생산과학부,수직농업
서울대학교,식물생산과학부,조경식물학 및 실습
서울대학교,식물생산과학부,조경계획
서울대학교,식물생산과학부,재배학
서울대학교,식물생산과학부,생화학
서울대학교,식물생산과학부,수확물생리학 및 실험
서울대학교,식물생산과학부,시설원예학 및 실험
서울대학교,식물생산과학부,식량작물학
서울대학교,식물생산과학부,식물대사산물학
서울대학교,식물생산과학부,식물병리학총론
서울대학교,식물생산과학부,식물생산과학개론
서울대학교,식물생산과학부,식물생장발달학
서울대학교,식물생산과학부,식물조직배양학 및 실험
서울대학교,식물생산과학부,식물해부형태학 및 실험
서울대학교,식물생산과학부,실험통계학
서울대학교,식물생산과학부,약용식물학
서울대학교,식물생산과학부,원예생명공학연습
서울대학교,식물생산과학부,원예작물생리학
서울대학교,식물생산과학부,원예작물육종학
서울대학교,식물생산과학부,잡초과학
서울대학교,식물생산과학부,작물학개론
서울대학교,식물생산과학부,작물육종학
서울대학교,식물생산과학부,작물유전학
서울대학교,식물생산과학부,작물유전체학개론
서울대학교,식물생산과학부,작물생태학
서울대학교,식물생산과학부,작물생명과학연습
서울대학교,식물생산과학부,작물생명공학개론
서울대학교,식물생산과학부,작물생리학
서울대학교,식물생산과학부,일반미생물학
서울대학교,식물생산과학부,유전학 및 실험
서울대학교,식물생산과학부,유기화학
서울대학교,식품?동물생명공학부,사료학 및 실험
서울대학교,식품?동물생명공학부,반추동물영양학 및 실험
서울대학교,식품?동물생명공학부,동물형질전환학
서울대학교,식품?동물생명공학부,동물해부생리학 입문 및 실습
서울대학교,식품?동물생명공학부,동물자원과학실험
서울대학교,식품?동물생명공학부,동물육종유전체학 및 실습
서울대학교,식품?동물생명공학부,동물유전학 및 실험
서울대학교,식품?동물생명공학부,동물유전공학 및 실험
서울대학교,식품?동물생명공학부,동물영양학 및 실험
서울대학교,식품?동물생명공학부,동물세포공학 및 실험
서울대학교,식품?동물생명공학부,동물성장발달학 및 실험
서울대학교,식품?동물생명공학부,동물성식품학 및 실험
서울대학교,식품?동물생명공학부,동물생명공학실험
서울대학교,식품?동물생명공학부,동물분자영양학
서울대학교,식품?동물생명공학부,동물번식학 및 실험
서울대학교,식품?동물생명공학부,동물미생물학 및 실험
서울대학교,식품?동물생명공학부,동물면역학 및 실험
서울대학교,식품?동물생명공학부,동물내분비학 및 실험
서울대학교,식품?동물생명공학부,기능성식품학
서울대학교,식품?동물생명공학부,식품가공 및 공학실험
서울대학교,식품?동물생명공학부,식품공정학
서울대학교,식품?동물생명공학부,발효학
서울대학교,식품?동물생명공학부,식품분석학
서울대학교,식품?동물생명공학부,식품생화학 2
서울대학교,식품?동물생명공학부,식품생화학 1
서울대학교,식품?동물생명공학부,실험디자인과 논문작성의 기초
서울대학교,식품?동물생명공학부,동물유전정보학 및 실습
서울대학교,식품?동물생명공학부,식품효소공학
서울대학교,식품?동물생명공학부,식품가공·저장학2
서울대학교,식품?동물생명공학부,식품가공·저장학1
서울대학교,식품?동물생명공학부,식품화학
서울대학교,식품?동물생명공학부,식품위생학실험
서울대학교,식품?동물생명공학부,식품위생학
서울대학교,식품?동물생명공학부,식품생화학실험
서울대학교,식품?동물생명공학부,식품생물공학실험
서울대학교,식품?동물생명공학부,식품생물공학
서울대학교,식품?동물생명공학부,식품분석실험
서울대학교,식품?동물생명공학부,식품미생물학
서울대학교,식품?동물생명공학부,식품미생물실험
서울대학교,식품?동물생명공학부,식품공학
서울대학교,식품?동물생명공학부,식품통계학
서울대학교,식품?동물생명공학부,산업동물질병학입문
서울대학교,식품?동물생명공학부,면역과 질병 관련 최근 사회변화 이슈
서울대학교,식품?동물생명공학부,동물생화학 2
서울대학교,식품?동물생명공학부,동물생화학 1
서울대학교,식품?동물생명공학부,동물세포생물학
서울대학교,식품?동물생명공학부,동물자원품질과 윤리
서울대학교,식품?동물생명공학부,경제동물생산학 및 실습
서울대학교,식품?동물생명공학부,동물산업과 프로바이오틱스
서울대학교,식품?동물생명공학부,동물생명공학논문연구
서울대학교,응용생물화학부,분자생물학실험
서울대학교,응용생물화학부,토양학실험
서울대학교,응용생물화학부,식물분자생명공학
서울대학교,응용생물화학부,토양생태화학
서울대학교,응용생물화학부,RNA분자생물학 및 응용
서울대학교,응용생물화학부,탄소농업과 지속가능성
서울대학교,응용생물화학부,토양환경생태학
서울대학교,응용생물화학부,분자식물병리학 및 실험
서울대학교,응용생물화학부,농업환경미생물학
서울대학교,응용생물화학부,생명유기화학실험
서울대학교,응용생물화학부,식물분자생리학
서울대학교,응용생물화학부,식물영양화학
서울대학교,응용생물화학부,곤충생리 및 생화학
서울대학교,응용생물화학부,자원생물소재학
서울대학교,응용생물화학부,식물 및 곤충바이러스학
서울대학교,응용생물화학부,곤충독성학개론
서울대학교,응용생물화학부,친환경해충관리론
서울대학교,응용생물화학부,식물병제어론
서울대학교,응용생물화학부,곤충생명공학
서울대학교,응용생물화학부,균학
서울대학교,응용생물화학부,응용생물학논문연구 1
서울대학교,응용생물화학부,응용생물학논문연구 2
서울대학교,응용생물화학부,고급응용생명화학
서울대학교,응용생물화학부,유기화학 1
서울대학교,응용생물화학부,유기화학 2
서울대학교,응용생물화학부,유기반응 및 합성화학
서울대학교,응용생물화학부,농업환경화학
서울대학교,응용생물화학부,분석화학
서울대학교,응용생물화학부,진단곤충학 및 실험
서울대학교,응용생물화학부,식물해부형태학 및 실험
서울대학교,응용생물화학부,농업식물생리학
서울대학교,응용생물화학부,응용생명화학실험1
서울대학교,응용생물화학부,응용생명화학실험2
서울대학교,응용생물화학부,토양학
서울대학교,응용생물화학부,물리화학
서울대학교,응용생물화학부,유기화학
서울대학교,응용생물화학부,생화학
서울대학교,응용생물화학부,분석화학 및 실험
서울대학교,응용생물화학부,생화학 1
서울대학교,응용생물화학부,일반생태학
서울대학교,응용생물화학부,곤충학및실험
서울대학교,응용생물화학부,물리화학 1
서울대학교,응용생물화학부,생화학 2
서울대학교,응용생물화학부,응용곤충학 및 실험
서울대학교,응용생물화학부,일반미생물학
서울대학교,응용생물화학부,식물병리학총론
서울대학교,응용생물화학부,임상식물병학 및 실험
서울대학교,응용생물화학부,생화학실험
서울대학교,조경?지역시스템공학부,응용공학수학 2
서울대학교,조경?지역시스템공학부,문화경관론
서울대학교,조경?지역시스템공학부,조경 계량분석기법
서울대학교,조경?지역시스템공학부,수처리공학 및 실험
서울대학교,조경?지역시스템공학부,지역시스템공학전공 학사논문연구
서울대학교,조경?지역시스템공학부,관개배수공학 및 실습
서울대학교,조경?지역시스템공학부,조경설계 2
서울대학교,조경?지역시스템공학부,서양조경의 역사와 이론
서울대학교,조경?지역시스템공학부,GIS와 계량분석실습
서울대학교,조경?지역시스템공학부,조경드로잉 및 매체
서울대학교,조경?지역시스템공학부,조경공학
서울대학교,조경?지역시스템공학부,조경계획
서울대학교,조경?지역시스템공학부,정역학
서울대학교,조경?지역시스템공학부,응용시설구조공학
서울대학교,조경?지역시스템공학부,응용소프트웨어공학
서울대학교,조경?지역시스템공학부,응용공학수학 1
서울대학교,조경?지역시스템공학부,식재설계
서울대학교,조경?지역시스템공학부,생물환경조절공학 및 실험
서울대학교,조경?지역시스템공학부,동양조경의 역사와 이론
서울대학교,조경?지역시스템공학부,도시조경론
서울대학교,조경?지역시스템공학부,농촌지리정보시스템 및 원격탐사
서울대학교,조경?지역시스템공학부,그린지역계획론
서울대학교,조경?지역시스템공학부,공원녹지계획
서울대학교,조경?지역시스템공학부,공간디자인
서울대학교,조경?지역시스템공학부,경관생태학
서울대학교,조경?지역시스템공학부,조경미학
서울대학교,조경?지역시스템공학부,조경생태분석
서울대학교,조경?지역시스템공학부,조경설계 1
서울대학교,조경?지역시스템공학부,환경유체역학
서울대학교,조경?지역시스템공학부,통합환경설계
서울대학교,조경?지역시스템공학부,토질역학 및 실험
서울대학교,조경?지역시스템공학부,지역컴퓨터설계
서울대학교,조경?지역시스템공학부,지역자원보전공학 및 실습
서울대학교,조경?지역시스템공학부,지역시스템설계 및 실습
서울대학교,조경?지역시스템공학부,지역시스템공학
서울대학교,조경?지역시스템공학부,지역수자원시스템설계
서울대학교,조경?지역시스템공학부,지역수자원시스템공학
서울대학교,조경?지역시스템공학부,지역기반조성공학 및 설계
서울대학교,조경?지역시스템공학부,지역개발관리공학
서울대학교,조경?지역시스템공학부,지속가능환경계획론
서울대학교,조경?지역시스템공학부,조경컴퓨터그래픽
서울대학교,조경?지역시스템공학부,조경적산 및 경영분석
서울대학교,조경?지역시스템공학부,조경재료 및 시공
서울대학교,조경?지역시스템공학부,조경식물재료학
서울대학교,공예과,도자공예작가론
서울대학교,공예과,기초 금속공예
서울대학교,공예과,기초 도예
서울대학교,공예과,공예기초 1
서울대학교,공예과,공예기초 2
서울대학교,공예과,목공예
서울대학교,공예과,물레성형 기초
서울대학교,공예과,도자공예입문 1
서울대학교,공예과,도자공예입문 2
서울대학교,공예과,도자와 문화 1
서울대학교,공예과,물레성형 1
서울대학교,공예과,물레성형 2
서울대학교,공예과,자유성형기법 1
서울대학교,공예과,자유성형기법 2
서울대학교,공예과,공예와 문화
서울대학교,공예과,공예의 발명
서울대학교,공예과,현대 공예론
서울대학교,공예과,도자공예 
서울대학교,공예과,도자와 문화 2
서울대학교,공예과,도자재료연구 
서울대학교,공예과,물레성형 3
서울대학교,공예과,제품도자 1
서울대학교,공예과,제품도자 2
서울대학교,공예과,도자산업 및 유통 1
서울대학교,공예과,인체와 장식 2
서울대학교,공예과,인체와 장식 1
서울대학교,공예과,금속공예 4
서울대학교,공예과,금속공예 3
서울대학교,공예과,공간과 장식 2
서울대학교,공예과,공간과 장식 1
서울대학교,공예과,금속공예사
서울대학교,공예과,제품금속
서울대학교,공예과,장신구 4
서울대학교,공예과,장신구 3
서울대학교,공예과,금속형태와구조
서울대학교,공예과,금속재료 및 기법 4
서울대학교,공예과,금속재료 및 기법 3
서울대학교,공예과,금속공예 2
서울대학교,공예과,금속공예 1
서울대학교,공예과,장신구 2
서울대학교,공예과,장신구 1
서울대학교,공예과,금속재료 및 기법 2
서울대학교,공예과,금속재료 및 기법 1
서울대학교,공예과,금속공예 성형기법 2
서울대학교,공예과,금속공예 성형기법 1
서울대학교,공예과,금속재료 및 기법의 기초
서울대학교,공예과,도자조형 2
서울대학교,공예과,도자조형 1
서울대학교,공예과,도자산업 및 유통 2
서울대학교,공예과,도자공예사
서울대학교,동양화과,동양화 기초 2
서울대학교,동양화과,동양화 기초 1
서울대학교,동양화과,통합매체 3
서울대학교,동양화과,회화재료와 기법
서울대학교,동양화과,한지제작기법
서울대학교,동양화과,한국회화사
서울대학교,동양화과,통합매체 2
서울대학교,동양화과,통합매체 1
서울대학교,동양화과,창의성과 미술교육
서울대학교,동양화과,조형론 2
서울대학교,동양화과,조형론 1
서울대학교,동양화과,근현대동양회화사
서울대학교,동양화과,벽화기법 1
서울대학교,동양화과,벽화기법 2
서울대학교,동양화과,서예와 전각 1
서울대학교,동양화과,서예와 전각 2
서울대학교,동양화과,소묘 1
서울대학교,동양화과,소묘 2
서울대학교,동양화과,신조형 1
서울대학교,동양화과,신조형 2
서울대학교,동양화과,작품연구:수묵화
서울대학교,동양화과,작품연구:수묵채색화
서울대학교,동양화과,작품연구:창작과 비평
서울대학교,동양화과,작품연구:창작과정탐구
서울대학교,동양화과,전통수묵기법 1
서울대학교,동양화과,전통수묵기법 2
서울대학교,동양화과,전통채색기법 1
서울대학교,동양화과,전통채색기법 2
서울대학교,디자인과,현대디자인론
서울대학교,디자인과,편집디자인
서울대학교,디자인과,제품디자인
서울대학교,디자인과,정보인터랙션디자인
서울대학교,디자인과,일러스트레이션
서울대학교,디자인과,인간행태와디자인
서울대학교,디자인과,리빙디자인
서울대학교,디자인과,애니매이션
서울대학교,디자인과,아이덴티티디자인
서울대학교,디자인과,사회적이슈와디자인
서울대학교,디자인과,사물인터랙션디자인
서울대학교,디자인과,브랜드디자인프로젝트2
서울대학교,디자인과,미디어디자인프로젝트2
서울대학교,디자인과,브랜드디자인프로젝트1
서울대학교,디자인과,그래픽디자인프로젝트1
서울대학교,디자인과,그래픽디자인프로젝트2
서울대학교,디자인과,제품인터랙션디자인프로젝트 1
서울대학교,디자인과,제품인터랙션디자인프로젝트 2
서울대학교,디자인과,리빙디자인프로젝트 1
서울대학교,디자인과,리빙디자인프로젝트 2
서울대학교,디자인과,바이오디자인
서울대학교,디자인과,타이포그래피디자인1
서울대학교,디자인과,타이포그래피디자인2
서울대학교,디자인과,모빌리티디자인프로젝트 1
서울대학교,디자인과,모빌리티디자인프로젝트 2
서울대학교,디자인과,혼합매체드로잉
서울대학교,디자인과,공간디자인기초
서울대학교,디자인과,영상디자인
서울대학교,디자인과,확장현실디자인
서울대학교,디자인과,미디어디자인프로젝트1
서울대학교,디자인과,미디어디자인프로그래밍
서울대학교,디자인과,디자인포트폴리오
서울대학교,디자인과,디자인과 법률
서울대학교,디자인과,운송디자인
서울대학교,디자인과,디지털지오메트리
서울대학교,디자인과,공간디자인
서울대학교,디자인과,혼합재료모델링
서울대학교,디자인과,3D그래픽디자인
서울대학교,디자인과,서비스UX디자인
서울대학교,디자인과,"UI,UX디자인프로젝트2"
서울대학교,디자인과,"UI,UX디자인프로젝트1"
서울대학교,디자인과,AI응용디자인
서울대학교,디자인과,모션그래픽스
서울대학교,디자인과,기초산업디자인
서울대학교,디자인과,시각디자인기초
서울대학교,디자인과,UI디자인프로그래밍
서울대학교,디자인과,디자인요소와원리
서울대학교,디자인과,VD컴퓨테이션
서울대학교,디자인과,공간디자인프로젝트1
서울대학교,디자인과,공간디자인프로젝트2
서울대학교,디자인과,구조와재료디자인
서울대학교,디자인과,기초시각디자인
서울대학교,디자인과,디자인과 문화
서울대학교,디자인과,디자인과정과방법
서울대학교,디자인과,디자인기초1
서울대학교,디자인과,디자인기초2
서울대학교,디자인과,디자인리서치
서울대학교,디자인과,디자인비즈니스
서울대학교,디자인과,디자인사
서울대학교,디자인과,디자인사진
서울대학교,디자인과,제품서비스디자인
서울대학교,미술대학,디자인.공예 논리 및 논술에 관한 교육
서울대학교,미술대학,디자인.공예교육론
서울대학교,미술대학,디자인.공예교재연구 및 지도법
서울대학교,미술대학,동양미술사
서울대학교,미술대학,미술교과논리 및 논술
서울대학교,미술대학,평면조형1
서울대학교,미술대학,평면조형2
서울대학교,미술대학,한국근현대회화사
서울대학교,미술대학,한국미술과 문화
서울대학교,미술대학,한국미술사
서울대학교,교육학과,비교교육학: 개발 및 평화
서울대학교,교육학과,교육사회학
서울대학교,교육학과,교육평가
서울대학교,교육학과,한국교육제도 및 정책
서울대학교,교육학과,교육학교과교재 및 연구법
서울대학교,교육학과,학교와 학급경영
서울대학교,교육학과,교육학교과 논리 및 논술
서울대학교,교육학과,교육사
서울대학교,교육학과,현대교육사상
서울대학교,교육학과,교육측정과 검사
서울대학교,교육학과,교육학교과교육론
서울대학교,교육학과,인적자원개발론
서울대학교,교육학과,이러닝과 원격교육론
서울대학교,교육학과,사회혁신과 평생교육
서울대학교,교육학과,교육과 창업
서울대학교,교육학과,교육연구방법: 양적연구의 이해와 적용
서울대학교,교육학과,생애설계상담: 의미있는 일
서울대학교,교육학과,표준화교육에서 복잡성교육으로
서울대학교,교육학과,교육과 사회정의
서울대학교,교육학과,인공지능기반교육
서울대학교,교육학과,인간학습과 발달: 학습전략과 교육환경 디자인
서울대학교,교육학과,교육조직과 성장
서울대학교,교육학과,후기근대적 인간관과 교육
서울대학교,교육학과,상담과 생활지도
서울대학교,교육학과,수업설계와 교육공학
서울대학교,교육학과,교육연구를 위한 통계방법
서울대학교,교육학과,교육과정의 이해
서울대학교,교육학과,교육행정의 이해
서울대학교,교육학과,교육심리: 인간학습분석
서울대학교,교육학과,창의성과 재능계발교육
서울대학교,교육학과,빅데이터와 학습자중심교육
서울대학교,교육학과,질적교육연구
서울대학교,교육학과,교육학개론
서울대학교,국어교육과,작문교육론
서울대학교,국어교육과,학습자언어탐구
서울대학교,국어교육과,한국고시가교육론
서울대학교,국어교육과,한국고전문학사교육론
서울대학교,국어교육과,한국고전산문교육론
서울대학교,국어교육과,한국구비문학교육론
서울대학교,국어교육과,한국문학교육론
서울대학교,국어교육과,한국어교육론
서울대학교,국어교육과,한국언어규범론
서울대학교,국어교육과,한국한문학고전교육론
서울대학교,국어교육과,한국현대문학사교육론
서울대학교,국어교육과,한국현대산문교육론
서울대학교,국어교육과,한국현대시교육론
서울대학교,국어교육과,화법교육론
서울대학교,국어교육과,연극·영화교육론
서울대학교,국어교육과,언어발달과 교육
서울대학교,국어교육과,국어교수학습론
서울대학교,국어교육과,국어교육학개론
서울대학교,국어교육과,국어문법교육론
서울대학교,국어교육과,국어문화교육론
서울대학교,국어교육과,국어사고와 논술교육론
서울대학교,국어교육과,국어사교육론
서울대학교,국어교육과,국어사교재강독
서울대학교,국어교육과,국어음운교육론
서울대학교,국어교육과,국어의미화용교육론
서울대학교,국어교육과,국어학교육론
서울대학교,국어교육과,독서교육론
서울대학교,국어교육과,매체의사소통교육론
서울대학교,국어교육과,문학감상론연습
서울대학교,국어교육과,문학교육원론
서울대학교,독어교육과,독일청소년문학
서울대학교,독어교육과,독일문화와 영상매체
서울대학교,독어교육과,독일문학의 이해
서울대학교,독어교육과,독어학입문
서울대학교,독어교육과,독어토론연습
서울대학교,독어교육과,독어청취연습
서울대학교,독어교육과,독어발음 및 듣기지도
서울대학교,독어교육과,독문학교수법
서울대학교,독어교육과,기초독어회화실습
서울대학교,독어교육과,중급독어회화실습
서울대학교,독어교육과,독어교재연구 및 지도법
서울대학교,독어교육과,독어학연습
서울대학교,독어교육과,독일문학사
서울대학교,독어교육과,독일소설과 사회문화
서울대학교,독어교육과,독어텍스트강독
서울대학교,독어교육과,독어번역연습
서울대학교,독어교육과,독일드라마와 공연예술
서울대학교,독어교육과,독일문학과 상호문화
서울대학교,독어교육과,독일문화와생활
서울대학교,독어교육과,테크놀로지와 언어교육
서울대학교,독어교육과,다중언어교육의 이해
서울대학교,독어교육과,학습독작문
서울대학교,독어교육과,기초독문법
서울대학교,물리교육과,물리교수법
서울대학교,물리교육과,물리교재연구 및 지도법
서울대학교,물리교육과,물리학 개념의 역사적 발달
서울대학교,물리교육과,음향학탐구 및 교육
서울대학교,물리교육과,물리교육론
서울대학교,물리교육과,현대물리 및 교육
서울대학교,물리교육과,파동 및 광학교육
서울대학교,물리교육과,전자물리 및 교육
서울대학교,물리교육과,물리교육실험
서울대학교,물리교육과,물리수학 및 교육1
서울대학교,물리교육과,물리수학 및 교육2
서울대학교,물리교육과,물리실험 및 시범1
서울대학교,물리교육과,물리실험 및 시범2
서울대학교,물리교육과,양자물리 및 교육1
서울대학교,물리교육과,양자물리 및 교육2
서울대학교,물리교육과,역학 및 교육1
서울대학교,물리교육과,역학 및 교육2
서울대학교,물리교육과,열통계물리 및 교육
서울대학교,물리교육과,일반물리학 및 실험2
서울대학교,물리교육과,전산물리 및 교육
서울대학교,물리교육과,전자기 및 교육1
서울대학교,물리교육과,전자기 및 교육2
서울대학교,불어교육과,프랑스어 번역 연습과 실제
서울대학교,불어교육과,프랑스어교과교육론
서울대학교,불어교육과,프랑스어 교수법
서울대학교,불어교육과,프랑스어 교재 분석 및 지도법
서울대학교,불어교육과,프랑스어교과논리 및 논술
서울대학교,불어교육과,프랑스어기초문법 1
서울대학교,불어교육과,프랑스어기초문법 2
서울대학교,불어교육과,프랑스 문화와 교육
서울대학교,불어교육과,프랑스어 디지털 리터러시와 커뮤니케이션
서울대학교,불어교육과,프랑스언어학의 이해
서울대학교,불어교육과,프랑스어 데이터와 언어학
서울대학교,불어교육과,심화프랑스어회화 1
서울대학교,불어교육과,프랑스어 어휘와 문법
서울대학교,불어교육과,프랑스어학습문법
서울대학교,불어교육과,프랑스어 쓰기 지도법
서울대학교,불어교육과,프랑스어 발음 및 듣기 지도법
서울대학교,불어교육과,프랑스어권 문화와 문학
서울대학교,불어교육과,프랑스 현대문학강독
서울대학교,불어교육과,프랑스문학개관2
서울대학교,불어교육과,프랑스문학개관1
서울대학교,불어교육과,기초프랑스어회화 2
서울대학교,불어교육과,기초프랑스어회화 1
서울대학교,불어교육과,심화프랑스어회화 2
서울대학교,사회교육과,법교육연습
서울대학교,사회교육과,사회와 법률
서울대학교,사회교육과,정치와 사회
서울대학교,사회교육과,정치교육론
서울대학교,사회교육과,일반사회교육론
서울대학교,사회교육과,인간과 사회
서울대학교,사회교육과,시민교육론
서울대학교,사회교육과,시민교육과 헌법
서울대학교,사회교육과,시민교육과 사회윤리
서울대학교,사회교육과,시민교육과 사회문제
서울대학교,사회교육과,시민교육과 민주주의
서울대학교,사회교육과,시민경제교육과 시장경제
서울대학교,사회교육과,사회와 철학
서울대학교,사회교육과,사회문화교육연습
서울대학교,사회교육과,사회과학방법론
서울대학교,사회교육과,사회과 수업 연구
서울대학교,사회교육과,사회과 논리 및 논술
서울대학교,사회교육과,사회과 교재연구 및 지도법
서울대학교,사회교육과,비판적 시민교육
서울대학교,사회교육과,민족학 개론
서울대학교,사회교육과,문화와 사회
서울대학교,사회교육과,다문화교육 개론
서울대학교,사회교육과,다문화 사회와 교육 정책
서울대학교,사회교육과,금융과 경제생활
서울대학교,사회교육과,경제와 사회
서울대학교,사회교육과,경제교육연습
서울대학교,사회교육과,청소년문제와 법교육
서울대학교,생물교육과,탐구학습과 생명과학실험지도
서울대학교,생물교육과,동물분류학 및 지도법
서울대학교,생물교육과,동물생리학교육
서울대학교,생물교육과,미생물학교육
서울대학교,생물교육과,발생학교육
서울대학교,생물교육과,분자생물학교육
서울대학교,생물교육과,과학논리 및 논술
서울대학교,생물교육과,생명과학실험 및 지도법1
서울대학교,생물교육과,생명과학실험 및 지도법2
서울대학교,생물교육과,생명과학 교재연구 및 지도법
서울대학교,생물교육과,생명과학교육론
서울대학교,생물교육과,생명과학교재론
서울대학교,생물교육과,현대생물실험 및 지도법
서울대학교,생물교육과,환경과 교육
서울대학교,생물교육과,일반생물학 및 실험2
서울대학교,생물교육과,유전학교육
서울대학교,생물교육과,야외실습 및 지도법
서울대학교,생물교육과,식물생리학교육
서울대학교,생물교육과,식물분류학 및 지도법
서울대학교,생물교육과,세포생물학교육
서울대학교,생물교육과,생태학교육
서울대학교,수학교육과,수학적 역량 기반 융합수업의 설계
서울대학교,수학교육과,실해석과 다변수해석
서울대학교,수학교육과,응용수학과 수학교육
서울대학교,수학교육과,인공지능과 수학교육
서울대학교,수학교육과,확률과 통계
서울대학교,수학교육과,수학과 양자이론
서울대학교,수학교육과,산업과 수학교육
서울대학교,수학교육과,복소해석학
서울대학교,수학교육과,미분기하학
서울대학교,수학교육과,데이터분석과 통계교육
서울대학교,수학교육과,기하학일반
서울대학교,수학교육과,현대대수학2
서울대학교,수학교육과,현대대수학1
서울대학교,수학교육과,해석개론2
서울대학교,수학교육과,해석개론1
서울대학교,수학교육과,정수론
서울대학교,수학교육과,이산수학
서울대학교,수학교육과,위상수학2
서울대학교,수학교육과,위상수학1
서울대학교,수학교육과,수학사와 수학교육
서울대학교,수학교육과,수학교재연구 및 지도법
서울대학교,수학교육과,미분방정식개론
서울대학교,수학교육과,선형대수학1
서울대학교,수학교육과,선형대수학2
서울대학교,수학교육과,수학교육론
서울대학교,수학교육과,수학교육과 교육공학
서울대학교,수학교육과,수학 논리 및 논술
서울대학교,역사교육과,동아시아사상사
서울대학교,역사교육과,서양고대사
서울대학교,역사교육과,서양근대사
서울대학교,역사교육과,서양사교육강독
서울대학교,역사교육과,서양중세사
서울대학교,역사교육과,세계사교재연구 및 지도법
서울대학교,역사교육과,세계사의 이해
서울대학교,역사교육과,아시아사교육강독
서울대학교,역사교육과,아시아지역사특강
서울대학교,역사교육과,역사교육론
서울대학교,역사교육과,역사연구의 새로운 동향
서울대학교,역사교육과,역사와 역사교육
서울대학교,역사교육과,역사적 사고와 논술
서울대학교,역사교육과,한국고대사
서울대학교,역사교육과,한국근대사
서울대학교,역사교육과,한국근세사
서울대학교,역사교육과,한국문화사
서울대학교,역사교육과,한국사개론
서울대학교,역사교육과,한국사교육자료탐구
서울대학교,역사교육과,한국사회경제사
서울대학교,역사교육과,한국의 정치사상과 제도
서울대학교,역사교육과,한국중세사
서울대학교,역사교육과,한국현대사
서울대학교,역사교육과,동아시아근현대사
서울대학교,역사교육과,동아시아근세사
서울대학교,역사교육과,동아시아고중세사
서울대학교,역사교육과,국사교재연구 및 지도법
서울대학교,역사교육과,국사교육강독
서울대학교,역사교육과,20세기현대사
서울대학교,영어교육과,영미소설강독
서울대학교,영어교육과,영어작문2
서울대학교,영어교육과,영어작문1
서울대학교,영어교육과,영어응용음성학
서울대학교,영어교육과,영어음운론
서울대학교,영어교육과,영어수업연구
서울대학교,영어교육과,영어사의 이해와 응용
서울대학교,영어교육과,영어문법
서울대학교,영어교육과,미국문학과 미국문화의 이해
서울대학교,영어교육과,어휘와 문법 지도법
서울대학교,영어교육과,영국문학과 영국문화의 이해B
서울대학교,영어교육과,영국문학과영국문화의 이해A
서울대학교,영어교육과,영문학개론
서울대학교,영어교육과,영미문화
서울대학교,영어교육과,영미시강독
서울대학교,영어교육과,영미희곡
서울대학교,영어교육과,영어교육평가
서울대학교,영어교육과,영어 교육방법 및 교육공학
서울대학교,영어교육과,영어4기능 지도법
서울대학교,영어교육과,영어교과교육론
서울대학교,영어교육과,영어교과교재 및 연구법
서울대학교,영어교육과,영어교과논리 및 논술
서울대학교,영어교육과,영어교수법
서울대학교,영어교육과,영어통사론
서울대학교,영어교육과,영어학개론
서울대학교,영어교육과,영어회화1
서울대학교,영어교육과,영어교육과정
서울대학교,영어교육과,영어독해
서울대학교,영어교육과,영미산문강독
서울대학교,영어교육과,영미문학특강
서울대학교,영어교육과,영어회화3
서울대학교,영어교육과,영어회화2
서울대학교,윤리교육과,서양윤리고전강독
서울대학교,윤리교육과,도덕·윤리 논리 및 논술
서울대학교,윤리교육과,기술과 윤리
서울대학교,윤리교육과,동양윤리사상
서울대학교,윤리교육과,세계시민교육과 국제교류 실천
서울대학교,윤리교육과,민주주의론
서울대학교,윤리교육과,시민교육론 연구
서울대학교,윤리교육과,생명과 윤리
서울대학교,윤리교육과,서양윤리사상
서울대학교,윤리교육과,시민과 덕목
서울대학교,윤리교육과,윤리고전강독
서울대학교,윤리교육과,정치사상교육론
서울대학교,윤리교육과,철학적 인간학
서울대학교,윤리교육과,통일교육론
서울대학교,윤리교육과,한국사상개론
서울대학교,윤리교육과,한국윤리사상
서울대학교,윤리교육과,도덕·윤리 수업설계 및 교수전략
서울대학교,윤리교육과,도덕·윤리 교재연구 및 지도법
서울대학교,윤리교육과,응용윤리
서울대학교,윤리교육과,윤리학개론
서울대학교,윤리교육과,도덕·윤리교육론
서울대학교,윤리교육과,도덕심리학
서울대학교,윤리교육과,국제문제와 윤리
서울대학교,윤리교육과,신유학윤리사상
서울대학교,윤리교육과,통일문제연구
서울대학교,윤리교육과,동양인성론과 동양우주론
서울대학교,윤리교육과,다문화와 국제윤리
서울대학교,윤리교육과,남북한사회연구
서울대학교,윤리교육과,도덕가치교육론
서울대학교,융합학습과학전공,에듀테크의 개발과 활용 
서울대학교,융합학습과학전공,학습과학기초*
서울대학교,융합학습과학전공,학습과학과 기계학습 
서울대학교,융합학습과학전공,학습 장애와 발달 
서울대학교,융합학습과학전공,AI 학습평가시스템
서울대학교,융합학습과학전공,학습과학을 위한 데이터 시각화
서울대학교,융합학습과학전공,학습자 언어발달 모델링
서울대학교,융합학습과학전공,다양한 학습자 이해와 맞춤형 학습
서울대학교,융합학습과학전공,언어 빅데이터와 상호작용
서울대학교,융합학습과학전공,사회혁신과 평생학습
서울대학교,융합학습과학전공,학습연구를 위한 통계방법
서울대학교,융합학습과학전공,융합학습과학 특강 
서울대학교,융합학습과학전공,학습데이터과학
서울대학교,융합학습과학전공,시민교육과 학습설계
서울대학교,융합학습과학전공,언어교육과 학습설계
서울대학교,융합학습과학전공,"뇌, 마음, 학습"
서울대학교,융합학습과학전공,인공지능 입문 
서울대학교,융합학습과학전공,학습과 동기
서울대학교,융합학습과학전공,학교제도와 학습문화
서울대학교,융합학습과학전공,학습자 역량 평가 
서울대학교,융합학습과학전공,대학교육과 학습설계
서울대학교,융합학습과학전공,다문화 다언어 사회와 학습생태계
서울대학교,융합학습과학전공,언어 학습과정과 평가
서울대학교,융합학습과학전공,AI 학습플랫폼
서울대학교,융합학습과학전공,몸과 학습 
서울대학교,융합학습과학전공,창의융합학습과학 프로젝트
서울대학교,융합학습과학전공,융합학습과학 인턴십*
서울대학교,융합학습과학전공,인간 발달과 전인적 성장*
서울대학교,융합학습과학전공,학습신경과학과 실험 
서울대학교,융합학습과학전공,인간공학과 학습
서울대학교,융합학습과학전공,학습정서와 웰빙 
서울대학교,융합학습과학전공,학습분석과 학습설계
서울대학교,융합학습과학전공,기업교육과 학습설계
서울대학교,융합학습과학전공,학습과학 연구
서울대학교,융합학습과학전공,교육과 학습의 경제학
서울대학교,융합학습과학전공,인공지능과 수학학습
서울대학교,융합학습과학전공,뇌기반 에듀테크
서울대학교,지구과학교육과,해양지구과학 및 실험2
서울대학교,지구과학교육과,환경지구과학
서울대학교,지구과학교육과,지구과학 학습지도 및 교재연구
서울대학교,지구과학교육과,지구과학 커뮤니케이션
서울대학교,지구과학교육과,지구과학 야외답사
서울대학교,지구과학교육과,전파관측천문학
서울대학교,지구과학교육과,해양지구과학 빅데이터처리
서울대학교,지구과학교육과,에어로졸 화학과 기후 변화
서울대학교,지구과학교육과,지구과학과 미래설계
서울대학교,지구과학교육과,해양지구과학 및 실험1
서울대학교,지구과학교육과,천체지구과학 및 실험2
서울대학교,지구과학교육과,천체지구과곽 및 실험1
서울대학교,지구과학교육과,지구과학야외실습
서울대학교,지구과학교육과,지구과학실험 및 탐구지도
서울대학교,지구과학교육과,지구과학교육론
서울대학교,지구과학교육과,대기지구과학 및 실험2
서울대학교,지구과학교육과,대기지구과학 및 실험1
서울대학교,지구과학교육과,고체지구물리학 및 실험2
서울대학교,지구과학교육과,고체지구물리학 및 실험1
서울대학교,지구과학교육과,고체지구과학 및 실험2
서울대학교,지구과학교육과,고체지구과학 및 실험1
서울대학교,지리교육과,정치지리학개론
서울대학교,지리교육과,지도학
서울대학교,지리교육과,지리 논리 및 논술
서울대학교,지리교육과,지리교육론
서울대학교,지리교육과,지리교재연구 및 지도법
서울대학교,지리교육과,자연지리학
서울대학교,지리교육과,지리사상사
서울대학교,지리교육과,지리정보체계와 지리교육
서울대학교,지리교육과,지형학원론
서울대학교,지리교육과,테크놀로지 활용 지리교육
서울대학교,지리교육과,토양 및 생태지리학
서울대학교,지리교육과,한국지리
서울대학교,지리교육과,환경과 지리
서울대학교,지리교육과,자연지리실습
서울대학교,지리교육과,인문지리학
서울대학교,지리교육과,지리 평가방법론
서울대학교,지리교육과,유럽지역연구
서울대학교,지리교육과,원격탐사와 지리자료분석
서울대학교,지리교육과,아프리카.오세아니아 지역연구
서울대학교,지리교육과,아시아지역연구
서울대학교,지리교육과,아메리카지역연구
서울대학교,지리교육과,세계지리
서울대학교,지리교육과,사회지리교육론
서울대학교,지리교육과,문화역사지리학
서울대학교,지리교육과,도시지리학
서울대학교,지리교육과,기후환경론
서울대학교,지리교육과,교통지리교육론
서울대학교,지리교육과,관광지리
서울대학교,지리교육과,공간분석과 지리교육
서울대학교,지리교육과,경제활동과 입지
서울대학교,지리교육과,경제지리교육론
서울대학교,지리교육과,인문지리실습
서울대학교,지리교육과,인구지리학개론
서울대학교,체육교육과,수영1
서울대학교,체육교육과,수영2
서울대학교,체육교육과,스노보드
서울대학교,체육교육과,스키
서울대학교,체육교육과,스포츠경영학
서울대학교,체육교육과,스포츠 교육학
서울대학교,체육교육과,스포츠마케팅
서울대학교,체육교육과,스포츠사회학
서울대학교,체육교육과,스포츠 미디어와 디지털 기술
서울대학교,체육교육과,수상안전 및 구급법
서울대학교,체육교육과,빙상
서울대학교,체육교육과,배드민턴
서울대학교,체육교육과,배구
서울대학교,체육교육과,발레
서울대학교,체육교육과,무용창작론
서울대학교,체육교육과,무용예술론
서울대학교,체육교육과,무용사
서울대학교,체육교육과,무용교육
서울대학교,체육교육과,럭비
서울대학교,체육교육과,댄스스포츠
서울대학교,체육교육과,스포츠의학
서울대학교,체육교육과,스포츠정책행정론
서울대학교,체육교육과,체육사.철학
서울대학교,체육교육과,체육논리 및 논술
서울대학교,체육교육과,체육교재연구및지도법
서울대학교,체육교육과,체육교육론
서울대학교,체육교육과,체력육성
서울대학교,체육교육과,전통무예
서울대학교,체육교육과,육상2(필드)
서울대학교,체육교육과,육상1(트랙)
서울대학교,체육교육과,유도
서울대학교,체육교육과,윈드서핑
서울대학교,체육교육과,운동학습 및 심리-운동학습
서울대학교,체육교육과,운동학습 및 심리-스포츠심리
서울대학교,체육교육과,운동역학
서울대학교,체육교육과,운동생리학
서울대학교,체육교육과,운동발달
서울대학교,체육교육과,요트
서울대학교,체육교육과,요가
서울대학교,체육교육과,양궁
서울대학교,체육교육과,아웃도어스포츠
서울대학교,체육교육과,야구
서울대학교,체육교육과,농구
서울대학교,체육교육과,기능해부학
서울대학교,체육교육과,"기계체조2(뜀틀, 철봉)"
서울대학교,체육교육과,기계체조1(마루운동)
서울대학교,체육교육과,국궁
서울대학교,체육교육과,교육무용
서울대학교,체육교육과,골프
서울대학교,체육교육과,건강체조
서울대학교,체육교육과,건강운동과학개론
서울대학교,체육교육과,건강교육
서울대학교,체육교육과,체육측정평가
서울대학교,체육교육과,체육학연구법
서울대학교,체육교육과,축구
서울대학교,체육교육과,탁구
서울대학교,체육교육과,태권도
서울대학교,체육교육과,택견
서울대학교,체육교육과,테니스
서울대학교,체육교육과,트레이닝방법론
서울대학교,체육교육과,특별활동
서울대학교,체육교육과,특수체육
서울대학교,체육교육과,하키
서울대학교,체육교육과,한국무용
서울대학교,체육교육과,한국무용입문
서울대학교,체육교육과,한국체육사
서울대학교,체육교육과,핸드볼
서울대학교,체육교육과,현대무용
서울대학교,체육교육과,현대무용입문
서울대학교,체육교육과,e스포츠의 이해
서울대학교,체육교육과,체육교육과정
서울대학교,체육교육과,장애유형별 특수체육원리
서울대학교,체육교육과,응용스포츠심리학의 이해
서울대학교,체육교육과,운동영양학
서울대학교,체육교육과,운동처방의 이론과 실제
서울대학교,체육교육과,운동생리학실험
서울대학교,체육교육과,여가레크리에이션
서울대학교,체육교육과,스포츠학입문
서울대학교,체육교육과,스포츠참여증진 프로그램 개발 및 평가
서울대학교,체육교육과,스포츠진로교육
서울대학교,체육교육과,스포츠공학 개론
서울대학교,체육교육과,스포츠리터러시
서울대학교,체육교육과,스포츠 테크놀로지와 혁신
서울대학교,체육교육과,스포츠 조직행동
서울대학교,화학교육과,무기화학1
서울대학교,화학교육과,무기화학2
서울대학교,화학교육과,나노과학에서의 화학
서울대학교,화학교육과,화학연구2
서울대학교,화학교육과,화학연구1
서울대학교,화학교육과,화학논리 및 논술
서울대학교,화학교육과,화학교재연구 및 지도법
서울대학교,화학교육과,화학교육연구
서울대학교,화학교육과,화학교육실험
서울대학교,화학교육과,화학교육론
서울대학교,화학교육과,일반화학 및 실험2
서울대학교,화학교육과,유기화학실험
서울대학교,화학교육과,유기화학2
서울대학교,화학교육과,유기화학1
서울대학교,화학교육과,무기화학실험
서울대학교,화학교육과,물리화학1
서울대학교,화학교육과,물리화학2
서울대학교,화학교육과,물리화학실험
서울대학교,화학교육과,분석화학1
서울대학교,화학교육과,분석화학2
서울대학교,화학교육과,분석화학실험
서울대학교,화학교육과,분자분광학개론
서울대학교,화학교육과,유기분광학
서울대학교,경제학부,산업의 혁신과 경제
서울대학교,경제학부,행태경제학
서울대학교,경제학부,메커니즘 디자인
서울대학교,경제학부,시장설계 이론 및 응용
서울대학교,경제학부,북한경제론
서울대학교,경제학부,응용계량경제학
서울대학교,경제학부,경제학고전강독
서울대학교,경제학부,거시경제이론
서울대학교,경제학부,게임이론 및 응용
서울대학교,경제학부,경제사
서울대학교,경제학부,경제수학
서울대학교,경제학부,경제예측및시계열분석
서울대학교,경제학부,경제원론1
서울대학교,경제학부,국제경제론
서울대학교,경제학부,경제원론2
서울대학교,경제학부,경제추격론
서울대학교,경제학부,경제통계학
서울대학교,경제학부,경제학사
서울대학교,경제학부,계량경제학
서울대학교,경제학부,계약경제학1
서울대학교,경제학부,고급계량경제학
서울대학교,경제학부,국제금융론
서울대학교,경제학부,국제무역론
서울대학교,경제학부,현대마르크스경제학
서울대학교,경제학부,한국경제사
서울대학교,경제학부,한국경제론
서울대학교,경제학부,주식.채권.파생금융상픔2: 제도
서울대학교,경제학부,주식.채권.파생금융상픔1: 이론
서울대학교,경제학부,조세론
서울대학교,경제학부,정치경제학입문
서울대학교,경제학부,정치경제의 이해
서울대학교,경제학부,정보경제학
서울대학교,경제학부,재정학
서울대학교,경제학부,인구와 경제
서울대학교,경제학부,이행기경제와경제체제론
서울대학교,경제학부,산업조직론
서울대학교,경제학부,미시경제이론
서울대학교,경제학부,마르크스경제학
서울대학교,경제학부,동태적거시경제이론
서울대학교,경제학부,동양경제사
서울대학교,경제학부,노사관계론
서울대학교,경제학부,노동경제학
서울대학교,경제학부,금융 중개와 규제
서울대학교,경제학부,건강경제학
서울대학교,경제학부,거시 금융 경제학
서울대학교,경제학부,디지털 경제
서울대학교,경제학부,"주식, 채권, 파생금융상품 3 : 실증"
서울대학교,경제학부,경제분석 및 예측과 데이터지능 1
서울대학교,경제학부,화폐금융론
서울대학교,경제학부,혁신경제 이론 및 응용
서울대학교,경제학부,경제와 기업의 경영전략
서울대학교,경제학부,한국 경제발전의 이해
서울대학교,경제학부,재정 및 조세정책 디자인
서울대학교,경제학부,경제분석을 위한 머신러닝
서울대학교,경제학부,경제학과 시장경제의 이해
서울대학교,경제학부,이론 거시경제 분석
서울대학교,경제학부,한국의 경제발전과 세계경제
서울대학교,경제학부,정치경제와 게임이론
서울대학교,경제학부,교육경제학
서울대학교,경제학부,경제 분석을 위한 데이터 사이언스
서울대학교,사회복지학과,사회복지정책
서울대학교,사회복지학과,사회복지윤리와 철학
서울대학교,사회복지학과,사회복지실천론
서울대학교,사회복지학과,사회복지실천기술론
서울대학교,사회복지학과,사회복지법제와실천
서울대학교,사회복지학과,사회복지개론
서울대학교,사회복지학과,AI로 배우는 사회복지데이터분석
서울대학교,사회복지학과,사회보장론
서울대학교,사회복지학과,사회문제론
서울대학교,사회복지학과,빈곤론
서울대학교,사회복지학과,노인복지론
서울대학교,사회복지학과,가족 다양성과 돌봄
서울대학교,사회복지학과,사회복지조사
서울대학교,사회복지학과,사회복지특강
서울대학교,사회복지학과,사회복지프로그램 개발과 평가
서울대학교,사회복지학과,청소년복지론
서울대학교,사회복지학과,글로벌 인구 고령화와 지속가능한 발전
서울대학교,사회복지학과,디지털 시대의 사회갈등과 정책의 전환
서울대학교,사회복지학과,복지국가론
서울대학교,사회복지학과,"평안한 삶의 기초: 건강, 돌봄, 그리고 사회"
서울대학교,사회복지학과,정신건강사회복지론
서울대학교,사회복지학과,인간행동과 사회환경
서울대학교,사회복지학과,여성복지론
서울대학교,사회복지학과,아동복지론
서울대학교,사회복지학과,산업복지론
서울대학교,사회복지학과,사회복지현장실습
서울대학교,사회복지학과,사회복지행정
서울대학교,사회학과,변화하는 산업과 일의 세계 
서울대학교,사회학과,사회학연구실습
서울대학교,사회학과,사회학사
서울대학교,사회학과,사회학특강
서울대학교,사회학과,사회연구를 위한 데이터과학
서울대학교,사회학과,사회조직론
서울대학교,사회학과,사회조사방법
서울대학교,사회학과,사회정책론
서울대학교,사회학과,사회운동론
서울대학교,사회학과,사회발전론
서울대학교,사회학과,사회계층과 불평등
서울대학교,사회학과,민족사회학과 북한연구
서울대학교,사회학과,문화사회학
서울대학교,사회학과,문학과 예술의 사회학
서울대학교,사회학과,과학기술사회학
서울대학교,사회학과,경제사회학
서울대학교,사회학과,건강과 질병의 사회학
서울대학교,사회학과,"가족, 생애, 현대사회"
서울대학교,사회학과,성과 사회
서울대학교,사회학과,역사사회학
서울대학교,사회학과,현대사회의 개인과 공동체
서울대학교,사회학과,계산사회과학 입문
서울대학교,사회학과,미래사회학
서울대학교,사회학과,이주사회학
서울대학교,사회학과,범죄사회학
서울대학교,사회학과,동아시아 사회
서울대학교,사회학과,소셜 빅데이터 조사분석
서울대학교,사회학과,고전사회학이론
서울대학교,사회학과,지식사회학
서울대학교,사회학과,도시사회학
서울대학교,사회학과,환경과 생태의 사회학
서울대학교,사회학과,현대사회학이론
서울대학교,사회학과,현대사회와 사회학
서울대학교,사회학과,한국사회사
서울대학교,사회학과,종교사회학
서울대학교,사회학과,정치사회학
서울대학교,사회학과,정보사회와 사이버사회
서울대학교,사회학과,인구변동과 고령화사회
서울대학교,심리학과,주식 심리학
서울대학교,심리학과,성격심리학
서울대학교,심리학과,상담심리학
서울대학교,심리학과,사회심리학 및 실험
서울대학교,심리학과,발달정신병리학
서울대학교,심리학과,발달심리학
서울대학교,심리학과,로봇 심리학
서울대학교,심리학과,기억과 뇌
서울대학교,심리학과,학습과 기억의 심리학 및 실험
서울대학교,심리학과,판단과 의사결정의 심리학
서울대학교,심리학과,청소년기와 성인초기 심리학
서울대학교,심리학과,창의성과 인지과정
서울대학교,심리학과,지각적 자아와 행동
서울대학교,심리학과,지각심리학 및 실험
서울대학교,심리학과,건강과 웰빙 심리학
서울대학교,심리학과,긍정임상심리학 입문
서울대학교,심리학과,중독의 심리학
서울대학교,심리학과,시각예술의 지각
서울대학교,심리학과,신경과학
서울대학교,심리학과,실험심리입문 및 실험
서울대학교,심리학과,조직심리학
서울대학교,심리학과,정서심리학
서울대학교,심리학과,임상심리학 및 실습
서울대학교,심리학과,임상신경심리학 및 실험
서울대학교,심리학과,인지신경과학
서울대학교,심리학과,인지과정 및 실험
서울대학교,심리학과,인간공학의 심리학
서울대학교,심리학과,인간 뇌이미징의 데이터사이언스
서울대학교,심리학과,이상심리학
서울대학교,심리학과,응용실험심리학
서울대학교,심리학과,응용발달심리학
서울대학교,심리학과,언어심리학 및 실험
서울대학교,심리학과,심리학과 수학
서울대학교,심리학과,심리통계학
서울대학교,심리학과,심리측정과 검사
서울대학교,심리학과,심리과학
서울대학교,언론정보학과,데이터 저널리즘 연습
서울대학교,언론정보학과,데이터와 기술문화
서울대학교,언론정보학과,커뮤니케이션 질적연구방법론
서울대학교,언론정보학과,커뮤니케이션 양적연구방법론
서울대학교,언론정보학과,미디어 거버넌스
서울대학교,언론정보학과,헬스커뮤니케이션의 이해
서울대학교,언론정보학과,한류와 글로벌 대중문화
서울대학교,언론정보학과,커뮤니케이션 데이터 분석
서울대학교,언론정보학과,커뮤니케이션이론1
서울대학교,언론정보학과,커뮤니케이션학 입문
서울대학교,언론정보학과,AI와 미디어
서울대학교,언론정보학과,미디어와 문화콘텐츠
서울대학교,언론정보학과,"미디어, 문화, 도시"
서울대학교,언론정보학과,미디어테크놀로지의 과거와 미래
서울대학교,언론정보학과,설득커뮤니케이션
서울대학교,언론정보학과,기술비평
서울대학교,언론정보학과,미래뉴스실습2
서울대학교,언론정보학과,미래뉴스실습1
서울대학교,언론정보학과,저널리즘 심층 글쓰기
서울대학교,언론정보학과,영화론
서울대학교,언론정보학과,영상 문화 입문
서울대학교,언론정보학과,데이터 저널리즘
서울대학교,언론정보학과,언론의 자유와 소통의 예절
서울대학교,언론정보학과,PR론
서울대학교,언론정보학과,현대 저널리즘이론과 분석
서울대학교,언론정보학과,커뮤니케이션특강
서울대학교,언론정보학과,글로벌 커뮤니케이션
서울대학교,언론정보학과,인터넷과 디지털문화
서울대학교,언론정보학과,미디어법률과 제도
서울대학교,언론정보학과,탐사보도 분석과 기획
서울대학교,언론정보학과,현대문화의 이해
서울대학교,언론정보학과,커뮤니케이션학사
서울대학교,언론정보학과,언론정보문화특강
서울대학교,언론정보학과,비판커뮤니케이션론
서울대학교,언론정보학과,정치커뮤니케이션
서울대학교,언론정보학과,대인커뮤니케이션
서울대학교,언론정보학과,인터넷 시대의 읽기와 쓰기
서울대학교,언론정보학과,광고론
서울대학교,언론정보학과,컴퓨터매개커뮤니케이션
서울대학교,언론정보학과,미디어 현장 연습
서울대학교,언론정보학과,언론 현장 연습
서울대학교,언론정보학과,저널리즘의 이해
서울대학교,언론정보학과,한국미디어사
서울대학교,언론정보학과,"커뮤니케이션, 문명, 사회변동"
서울대학교,언론정보학과,디지털 미디어의 이해
서울대학교,인류학과,문화와 경제
서울대학교,인류학과,문화와 권력
서울대학교,인류학과,문화와 언어
서울대학교,인류학과,민속학
서울대학교,인류학과,사회집단과 불평등
서울대학교,인류학과,인류학박물관실습
서울대학교,인류학과,인류학사
서울대학교,인류학과,인류학연구방법실습
서울대학교,인류학과,종교문화의 이해
서울대학교,인류학과,전지구화와 한국사회
서울대학교,인류학과,전지구화와 문화변동
서울대학교,인류학과,인터넷의 인류학
서울대학교,인류학과,인체골격인류학실습
서울대학교,인류학과,인류학과 질적연구방법
서울대학교,인류학과,인류 진화와 질병
서울대학교,인류학과,인류 진화와 이주
서울대학교,인류학과,음식과 문화
서울대학교,인류학과,영상인류학실습
서울대학교,인류학과,언어현지조사
서울대학교,인류학과,언어와 아이덴티티
서울대학교,인류학과,언어와 감정
서울대학교,인류학과,"스포츠, 여가, 문화"
서울대학교,인류학과,생물인류학 및 실습
서울대학교,인류학과,북한의 인류학
서울대학교,인류학과,미디어 인류학
서울대학교,인류학과,문화유산과 문화정책
서울대학교,인류학과,문화와 의사소통
서울대학교,인류학과,문화와 심리
서울대학교,인류학과,몸의 인류학
서울대학교,인류학과,동아시아의 문화와 전지구화
서울대학교,인류학과,과학기술과 문화
서울대학교,인류학과,공연예술의 인류학
서울대학교,인류학과,혼인과 가족
서울대학교,인류학과,일본문화의 이해
서울대학교,인류학과,인류학의 이해
서울대학교,인류학과,마음의 진화와 문화
서울대학교,인류학과,도시생활과 문화
서울대학교,인류학과,중국 도시문화와 전지구화 
서울대학교,인류학과,한국 대중문화의 인류학
서울대학교,인류학과,한국 디지털 문화의 인류학
서울대학교,정치외교학부(외교학전공),중국외교정책론
서울대학교,정치외교학부(외교학전공),국제정치의 길잡이
서울대학교,정치외교학부(외교학전공),정보세계정치론
서울대학교,정치외교학부(외교학전공),한반도와 국제정치
서울대학교,정치외교학부(외교학전공),일본과 국제관계
서울대학교,정치외교학부(외교학전공),세계지역연구개론
서울대학교,정치외교학부(외교학전공),무역과 투자의 국제정치경제
서울대학교,정치외교학부(외교학전공),금융과 발전의 국제정치경제
서울대학교,정치외교학부(외교학전공),국제정치 자료분석
서울대학교,정치외교학부(외교학전공),국제문화론
서울대학교,정치외교학부(외교학전공),국제기구론
서울대학교,정치외교학부(외교학전공),국제관계사 2
서울대학교,정치외교학부(외교학전공),환경과 세계정치
서울대학교,정치외교학부(외교학전공),탈근대세계정치론
서울대학교,정치외교학부(외교학전공),한국외교사
서울대학교,정치외교학부(외교학전공),동아시아 국제정치사상론
서울대학교,정치외교학부(외교학전공),러시아 국제관계론
서울대학교,정치외교학부(외교학전공),국제관계사 1
서울대학교,정치외교학부(외교학전공),국제정치경제론
서울대학교,정치외교학부(외교학전공),국제정치학개론
서울대학교,정치외교학부(외교학전공),국제정치연습
서울대학교,정치외교학부(외교학전공),글로벌 냉전의 이해
서울대학교,정치외교학부(외교학전공),한일관계론
서울대학교,정치외교학부(외교학전공),미국 정책결정과정의 이해
서울대학교,정치외교학부(외교학전공),테러리즘과 반테러리즘의 정치
서울대학교,정치외교학부(정치학전공),거버넌스의 이해
서울대학교,정치외교학부(정치학전공),중국정치론
서울대학교,정치외교학부(정치학전공),한국정치론
서울대학교,정치외교학부(정치학전공),한국정치사입문
서울대학교,정치외교학부(정치학전공),행정학서론
서울대학교,정치외교학부(정치학전공),현대민주주의의 쟁점
서울대학교,정치외교학부(정치학전공),헌법
서울대학교,정치외교학부(정치학전공),동아시아정치사상
서울대학교,정치외교학부(정치학전공),정치학원론
서울대학교,정치외교학부(정치학전공),법과 민주주의
서울대학교,정치외교학부(정치학전공),한국헌정사
서울대학교,정치외교학부(정치학전공),정치사회이론 I: 고전연구
서울대학교,정치외교학부(정치학전공),계량정치
서울대학교,정치외교학부(정치학전공),정치사회 현대이론
서울대학교,정치외교학부(정치학전공),현대정치사상
서울대학교,정치외교학부(정치학전공),정치학연습
서울대학교,정치외교학부(정치학전공),정치학연구방법론
서울대학교,정치외교학부(정치학전공),정치경제론
서울대학교,정치외교학부(정치학전공),인사행정
서울대학교,정치외교학부(정치학전공),의회정치론
서울대학교,정치외교학부(정치학전공),서양정치사상2
서울대학교,정치외교학부(정치학전공),서양정치사상1
서울대학교,정치외교학부(정치학전공),비교정치론
서울대학교,정치외교학부(정치학전공),북한의 정치와 사회
서울대학교,정치외교학부(정치학전공),미국정치론
서울대학교,정치외교학부(정치학전공),동아시아정치경제
서울대학교,정치외교학부(정치학전공),공공선택이론
서울대학교,정치외교학부(정치학전공),정치학특강
서울대학교,지리학과,아메리카지리
서울대학교,지리학과,스마트도시의 지리학
서울대학교,지리학과,수도권지리
서울대학교,지리학과,생물지형학과 실험
서울대학교,지리학과,생물지리학과 실험
서울대학교,지리학과,아시아지리
서울대학교,지리학과,역사지리학
서울대학교,지리학과,위성영상정보의 이해와 활용
서울대학교,지리학과,유럽지리
서울대학교,지리학과,인구변동과 이동의 지리학
서울대학교,지리학과,인류세와 지속가능성
서울대학교,지리학과,인문지리학개론
서울대학교,지리학과,자연지리학개론
서울대학교,지리학과,자원론
서울대학교,지리학과,컴퓨터 지도학
서울대학교,지리학과,중국지리
서울대학교,지리학과,지리공간의 역사와 사상
서울대학교,지리학과,지리학입문
서울대학교,지리학과,지역답사
서울대학교,지리학과,산업입지와 정책
서울대학교,지리학과,사회지리학
서울대학교,지리학과,북한지역연구특강
서울대학교,지리학과,토양환경론과 실험
서울대학교,지리학과,토지주택론
서울대학교,지리학과,한국지리
서울대학교,지리학과,환경재해와 사회
서울대학교,지리학과,개발도상국발전문제
서울대학교,지리학과,경영지리학의 이해
서울대학교,지리학과,경제지리학
서울대학교,지리학과,공간정보분석 1: 통계모형
서울대학교,지리학과,공간정보분석 2: 머신러닝
서울대학교,지리학과,지형학과 실험
서울대학교,지리학과,공간정보분석 3: 시공간데이터사이언스
서울대학교,지리학과,공간정치와 지정학
서울대학교,지리학과,교통과 정보통신의 지리학
서울대학교,지리학과,글로벌 지역연구 방법론
서울대학교,지리학과,기후학과 기후변화
서울대학교,지리학과,도시지리학
서울대학교,지리학과,문화지리학
서울대학교,지리학과,법제지리학과 도시지역정책
서울대학교,생활과학대학,주거생활교육론
서울대학교,생활과학대학,가정교육론
서울대학교,소비자아동학부(소비자학전공),은퇴설계와 재무상담
서울대학교,소비자아동학부(소비자학전공),소비자행태론
서울대학교,소비자아동학부(소비자학전공),소비자학의 이해
서울대학교,소비자아동학부(소비자학전공),ICT시장과 소비자
서울대학교,소비자아동학부(소비자학전공),가계경제론
서울대학교,소비자아동학부(소비자학전공),글로벌시장과 소비자
서울대학교,소비자아동학부(소비자학전공),금융시장과 소비자
서울대학교,소비자아동학부(소비자학전공),소비문화론
서울대학교,소비자아동학부(소비자학전공),소비와 윤리
서울대학교,소비자아동학부(소비자학전공),소비자교육론
서울대학교,소비자아동학부(소비자학전공),소비자보호관련법
서울대학교,소비자아동학부(소비자학전공),소비자분석의 기초
서울대학교,소비자아동학부(소비자학전공),소비자빅데이터분석
서울대학교,소비자아동학부(소비자학전공),소비자상담과 분쟁조정
서울대학교,소비자아동학부(소비자학전공),소비자시장환경분석론
서울대학교,소비자아동학부(소비자학전공),소비자심리의 이해
서울대학교,소비자아동학부(소비자학전공),소비자와 상품기획
서울대학교,소비자아동학부(소비자학전공),소비자와 시간
서울대학교,소비자아동학부(소비자학전공),소비자학연구
서울대학교,소비자아동학부(소비자학전공),소비자학고전강독
서울대학교,소비자아동학부(소비자학전공),소비자포트폴리오
서울대학교,소비자아동학부(소비자학전공),소비자트렌드분석
서울대학교,소비자아동학부(소비자학전공),소비자지역연계프로젝트
서울대학교,소비자아동학부(소비자학전공),소비자주의론
서울대학교,소비자아동학부(소비자학전공),소비자정책론
서울대학교,소비자아동학부(소비자학전공),소비자정성분석론
서울대학교,소비자아동학부(소비자학전공),소비자정량분석론
서울대학교,소비자아동학부(소비자학전공),소비자재무설계
서울대학교,소비자아동학부(소비자학전공),소비자유통론
서울대학교,소비자아동학부(소비자학전공),소비자와 정보
서울대학교,소비자아동학부(아동가족학전공),보육학개론
서울대학교,소비자아동학부(아동가족학전공),아동생활지도
서울대학교,소비자아동학부(아동가족학전공),영유아발달
서울대학교,소비자아동학부(아동가족학전공),영유아 교수방법론
서울대학교,소비자아동학부(아동가족학전공),언어지도
서울대학교,소비자아동학부(아동가족학전공),아동수학지도
서울대학교,소비자아동학부(아동가족학전공),성인발달과 노화
서울대학교,소비자아동학부(아동가족학전공),아동·청소년 발달진단 및 심리평가
서울대학교,소비자아동학부(아동가족학전공),아동가족 조사분석
서울대학교,소비자아동학부(아동가족학전공),아동가족과 법
서울대학교,소비자아동학부(아동가족학전공),아동가족인턴십 1
서울대학교,소비자아동학부(아동가족학전공),아동가족인턴십 2
서울대학교,소비자아동학부(아동가족학전공),아동가족자율연구
서울대학교,소비자아동학부(아동가족학전공),아동가족트렌드와 빅데이터분석
서울대학교,소비자아동학부(아동가족학전공),아동가족학논문작성
서울대학교,소비자아동학부(아동가족학전공),아동관찰 및 행동연구
서울대학교,소비자아동학부(아동가족학전공),아동권리와 복지
서울대학교,소비자아동학부(아동가족학전공),아동문학교육
서울대학교,소비자아동학부(아동가족학전공),아동미술
서울대학교,소비자아동학부(아동가족학전공),인간발달
서울대학교,소비자아동학부(아동가족학전공),청소년발달
서울대학교,소비자아동학부(아동가족학전공),아동상담론
서울대학교,소비자아동학부(아동가족학전공),특수아동의 이해
서울대학교,소비자아동학부(아동가족학전공),보육실습
서울대학교,소비자아동학부(아동가족학전공),가족관계
서울대학교,소비자아동학부(아동가족학전공),가족생활교육
서울대학교,소비자아동학부(아동가족학전공),가족위기와 개입
서울대학교,소비자아동학부(아동가족학전공),가족이론
서울대학교,소비자아동학부(아동가족학전공),가족정책론
서울대학교,소비자아동학부(아동가족학전공),가족치료
서울대학교,소비자아동학부(아동가족학전공),가족현장실습
서울대학교,소비자아동학부(아동가족학전공),건강가정론
서울대학교,소비자아동학부(아동가족학전공),고령화와 가족
서울대학교,소비자아동학부(아동가족학전공),놀이지도
서울대학교,소비자아동학부(아동가족학전공),다문화가족과 글로벌 이슈
서울대학교,소비자아동학부(아동가족학전공),보육과정
서울대학교,소비자아동학부(아동가족학전공),보육교사론
서울대학교,식품영양학과,식품영양정책
서울대학교,식품영양학과,식품영양학의 이해
서울대학교,식품영양학과,식품위생학
서울대학교,식품영양학과,식품재료학
서울대학교,식품영양학과,식품화학
서울대학교,식품영양학과,실험조리 및 관능검사실습
서울대학교,식품영양학과,영양사현장실습(계절수업)
서울대학교,식품영양학과,영양정보관리 및 상담
서울대학교,식품영양학과,영양평가 및 실습
서울대학교,식품영양학과,유기화학
서울대학교,식품영양학과,인체생리학
서울대학교,식품영양학과,임상영양학 및 실험
서울대학교,식품영양학과,조리원리 및 실습
서울대학교,식품영양학과,지역사회영양학
서울대학교,식품영양학과,식품영양연구
서울대학교,식품영양학과,식품영양산업연구 인턴십2
서울대학교,식품영양학과,식품영양산업연구 인턴십1
서울대학교,식품영양학과,고급영양학
서울대학교,식품영양학과,급식경영학
서울대학교,식품영양학과,기초영양학
서울대학교,식품영양학과,단체급식관리 및 실습
서울대학교,식품영양학과,마이크로바이옴과 영양
서울대학교,식품영양학과,분자영양학
서울대학교,식품영양학과,생애주기영양학
서울대학교,식품영양학과,생화학
서울대학교,식품영양학과,식생활관리학 및 실험
서울대학교,식품영양학과,식생활문화 및 실습
서울대학교,식품영양학과,식이요법 및 실험
서울대학교,식품영양학과,식품가공 및 저장학
서울대학교,식품영양학과,식품미생물학 및 실험
서울대학교,식품영양학과,식품분석실험
서울대학교,식품영양학과,식품영양 커뮤니케이션
서울대학교,식품영양학과,식품영양연구를 위한 데이터사이언스 및 실습
서울대학교,의류학과,패션디자인발상
서울대학교,의류학과,패션디자인 CAD
서울대학교,의류학과,패션드로잉
서울대학교,의류학과,패션과 컬러
서울대학교,의류학과,패션과 비주얼머천다이징
서울대학교,의류학과,패션 e-비즈니스
서울대학교,의류학과,테크니컬 디자인
서울대학교,의류학과,테일러링
서울대학교,의류학과,인체와 의복구성설계
서울대학교,의류학과,인체공학적 의복 디자인 설계
서울대학교,의류학과,의복생리학 및 개인보호복 실험
서울대학교,의류학과,패션리테일링
서울대학교,의류학과,패션마케팅
서울대학교,의류학과,패션마케팅커뮤니케이션
서울대학교,의류학과,패션머천다이징
서울대학교,의류학과,패션문화사
서울대학교,의류학과,패션산업인턴십
서울대학교,의류학과,패션소비자분석
서울대학교,의류학과,패션일러스트레이션
서울대학교,의류학과,패션컬렉션
서울대학교,의류학과,패션콘텐츠기획
서울대학교,의류학과,패션 테크놀로지
서울대학교,의류학과,한국복식문화사 
서울대학교,의류학과,한복구성학 및 실습
서울대학교,의류학과,의복구성실습
서울대학교,의류학과,의복과 건강
서울대학교,의류학과,의류소재평가
서울대학교,의류학과,3D 패션스튜디오
서울대학교,의류학과,3D 패턴 CAD 및 가상착의 1
서울대학교,의류학과,3D 패턴 CAD 및 가상착의 2
서울대학교,의류학과,글로벌패션비즈니스
서울대학교,의류학과,복식사회심리
서울대학교,의류학과,스마트의류제조기술
서울대학교,의류학과,액티브웨어 개발
서울대학교,의류학과,우주복의 이해 및 실험
서울대학교,의류학과,의류소재 기초화학 및 실험
서울대학교,의류학과,의류소재관리 및 실험
서울대학교,의류학과,의류소재구성
서울대학교,의류학과,의류소재섬유
서울대학교,의류학과,의류소재염색가공 및 실험
서울대학교,수의예과,수의생물학
서울대학교,수의예과,수의통계학
서울대학교,수의예과,의생명연구방법의 이해
서울대학교,수의예과,수의생명의학 1 (생물학개론)
서울대학교,수의예과,수의생명의학 2 (생명현상의 이해)
서울대학교,수의예과,수의생명의학 4 (수의유전(체)학)
서울대학교,수의예과,수의생명의학 3 (수의분자세포생물학)
서울대학교,수의예과,수의유전학개론
서울대학교,수의예과,수의분자세포생물학
서울대학교,수의예과,수의전문직업성 2 (동물 돌봄과 동물복지)
서울대학교,수의예과,수의용어학
서울대학교,수의예과,수의학개론
서울대학교,수의예과,예비수의사를위한자기계발
서울대학교,수의예과,수의학이해
서울대학교,수의예과,수의전문직업성 3 (인간동물관계와 원헬스)
서울대학교,수의예과,수의전문직업성 4 (진로탐구와 동물병원 실습)
서울대학교,수의예과,동물 아카데미
서울대학교,수의예과,수의전문직업성 1 (수의역사와 직업정체성)
서울대학교,수의학과,수의전염병학
서울대학교,수의학과,수의병리학 2
서울대학교,수의학과,수의기생충학 2
서울대학교,수의학과,실험동물의학
서울대학교,수의학과,예방수의학통합실습 3
서울대학교,수의학과,예방수의학통합실습 4
서울대학교,수의학과,소동물외과학 1
서울대학교,수의학과,소동물내과학 1
서울대학교,수의학과,수의산과학 1
서울대학교,수의학과,수의임상병리학
서울대학교,수의학과,수의영상의학 1
서울대학교,수의학과,수의마취통증의학
서울대학교,수의학과,가금질병학 1
서울대학교,수의학과,수의응급 및 중환자관리학
서울대학교,수의학과,임상수의학통합실습 1
서울대학교,수의학과,임상수의학통합실습 2
서울대학교,수의학과,소동물외과학 2
서울대학교,수의학과,소동물내과학 2
서울대학교,수의학과,수의공중보건학 2
서울대학교,수의학과,수의미생물학 2
서울대학교,수의학과,예방수의학통합실습 2
서울대학교,수의학과,수의생화학 1
서울대학교,수의학과,수의약리학 1
서울대학교,수의학과,기초수의학통합실습 1
서울대학교,수의학과,기초수의학통합실습 2
서울대학교,수의학과,수의해부학 2
서울대학교,수의학과,수의조직학 2
서울대학교,수의학과,수의생화학 2
서울대학교,수의학과,수의생리학 2
서울대학교,수의학과,수의약리학 2
서울대학교,수의학과,수의독성학
서울대학교,수의학과,기초수의학통합실습 3
서울대학교,수의학과,기초수의학통합실습 4
서울대학교,수의학과,수의미생물학 1
서울대학교,수의학과,수의공중보건학 1
서울대학교,수의학과,수의면역학
서울대학교,수의학과,수의병리학 1
서울대학교,수의학과,수의기생충학 1
서울대학교,수의학과,예방수의학통합실습 1
서울대학교,수의학과,대동물내과학
서울대학교,수의학과,수의산과학 2
서울대학교,수의학과,수의영상의학 2
서울대학교,수의학과,수의 임상 모의 실습
서울대학교,수의학과,수의학과 창업
서울대학교,수의학과,기능성 영양소와 질병예방
서울대학교,수의학과,노벨상 연구특강
서울대학교,수의학과,수의정보학
서울대학교,수의학과,임상해부학
서울대학교,수의학과,수의병태생리학 2
서울대학교,수의학과,수의병태생리학 1
서울대학교,수의학과,수의법의학개론
서울대학교,수의학과,수의진단검사의학 개론
서울대학교,수의학과,수의임상면역학
서울대학교,수의학과,3D 동영상으로 보는 소동물 골절 교정 기법
서울대학교,수의학과,"3D 동영상으로 보는 소동물 정형, 신경외과 수술 기법"
서울대학교,수의학과,수의대생을 위한 혁신과 기업가 정신 Ⅰ
서울대학교,수의학과,수의통증의학
서울대학교,수의학과,승마 이론 및 실습
서울대학교,수의학과,수의대생을 위한 혁신과 기업가 정신 1
서울대학교,수의학과,수의대생을 위한 혁신과 기업가 정신 2
서울대학교,수의학과,수의생물정보학
서울대학교,수의학과,동물보호소 관리학
서울대학교,수의학과,원헬스 개론
서울대학교,수의학과,수의치과학
서울대학교,수의학과,야생동물의학
서울대학교,수의학과,가금질병학 2
서울대학교,수의학과,수생생물의학
서울대학교,수의학과,대동물외과학
서울대학교,수의학과,임상수의학통합실습 3
서울대학교,수의학과,임상수의학통합실습 4
서울대학교,수의학과,수의 응급의학
서울대학교,수의학과,수의임상약리학
서울대학교,수의학과,전통수의학
서울대학교,수의학과,수의세포조직공학개론
서울대학교,수의학과,동물병원 경영학
서울대학교,수의학과,수의 영양학
서울대학교,수의학과,동물복지개론
서울대학교,수의학과,수의임상종양학
서울대학교,수의학과,수의종양치료학 개론
서울대학교,수의학과,수의통합의학개론
서울대학교,수의학과,수의생물공학
서울대학교,수의학과,수의생리학 1
서울대학교,수의학과,수의조직학 1
서울대학교,수의학과,동물행동치료학
서울대학교,수의학과,수생생물의학 및 실습
서울대학교,수의학과,가금질병학 및 실습
서울대학교,수의학과,수의방사선과학 및 실습
서울대학교,수의학과,수의공중보건학 및 실습 2
서울대학교,수의학과,동물-수의사-사회
서울대학교,수의학과,실험동물의학 및 실습
서울대학교,수의학과,수의공중보건학 및 실습 1
서울대학교,수의학과,수의전염병학 및 실습
서울대학교,수의학과,수의독성학 및 실습 2
서울대학교,수의학과,수의독성학 및 실습1
서울대학교,수의학과,수의기생충학 및 실습 2
서울대학교,수의학과,수의병리학 및 실습 2
서울대학교,수의학과,수의병리학 및 실습 1
서울대학교,수의학과,수의면역학 및 실습
서울대학교,수의학과,수의미생물학 및 실습 2
서울대학교,수의학과,수의약리학 및 실습 2
서울대학교,수의학과,수의기초임상신경과학
서울대학교,수의학과,수의신경과학
서울대학교,수의학과,수의생물공학 및 실습
서울대학교,수의학과,수의기생충학 및 실습 1
서울대학교,수의학과,수의미생물학 및 실습 1
서울대학교,수의학과,수의약리학 및 실습 1
서울대학교,수의학과,수의생리학 및 실습 2
서울대학교,수의학과,수의생리학 및 실습 1
서울대학교,수의학과,수의생화학 및 실습 2
서울대학교,수의학과,수의생화학 및 실습 1
서울대학교,수의학과,수의조직학 및 실습 2
서울대학교,수의학과,수의조직학 및 실습 1
서울대학교,수의학과,수의해부학 및 실습 2
서울대학교,수의학과,수의해부학 및 실습 1
서울대학교,수의학과,수의임상병리학 및 실습
서울대학교,수의학과,수의진단영상학 및 실습
서울대학교,수의학과,수의해부학 1
서울대학교,수의학과,수의응급의학병원실습
서울대학교,수의학과,소동물일반외과학병원실습
서울대학교,수의학과,소동물정형/신경외과학병원실습
서울대학교,수의학과,소동물내과학병원실습 2
서울대학교,수의학과,소동물내과학병원실습 1
서울대학교,수의학과,현장실습 5
서울대학교,수의학과,현장실습 4
서울대학교,수의학과,현장실습 3
서울대학교,수의학과,현장실습 2
서울대학교,수의학과,현장실습 1
서울대학교,수의학과,수의학심화실습
서울대학교,수의학과,수의마취학병원실습
서울대학교,수의학과,수의야생동물질병학병원실습
서울대학교,수의학과,수의임상병리학병원실습
서울대학교,수의학과,수의산과학병원실습
서울대학교,수의학과,수의안과학병원실습
서울대학교,수의학과,수의외과학 및 실습 1
서울대학교,수의학과,수의외과학 및 실습 2
서울대학교,수의학과,수의산과학 및 실습 1
서울대학교,수의학과,수의산과학 및 실습 2
서울대학교,수의학과,수의안과학
서울대학교,수의학과,수의피부과학
서울대학교,수의학과,야생동물질병학 및 실습
서울대학교,수의학과,수의사법규
서울대학교,수의학과,소동물내과학 및 실습1
서울대학교,수의학과,소동물내과학 및 실습2
서울대학교,수의학과,대동물내과학 및 실습
서울대학교,수의학과,대동물병원실습
서울대학교,수의학과,수의피부과학병원실습
서울대학교,수의학과,수의영상의학병원실습
서울대학교,약학계열(6년제),약학자와 약사를 위한 의사소통
서울대학교,약학계열(6년제),약화학 2
서울대학교,약학계열(6년제),생화학 2
서울대학교,약학계열(6년제),생리학
서울대학교,약학계열(6년제),약학미생물학(핵심)
서울대학교,약학계열(6년제),예술속의 약학
서울대학교,약학계열(6년제),약용식물학
서울대학교,약학계열(6년제),세포와 유전
서울대학교,약학계열(6년제),명저와 약학
서울대학교,약학계열(6년제),약학윤리
서울대학교,약학계열(6년제),약화학 1
서울대학교,약학계열(6년제),생화학 1
서울대학교,약학계열(6년제),심화 물리약학 
서울대학교,약학계열(6년제),물리약학 
서울대학교,약학계열(6년제),약학개론
서울대학교,약학계열(6년제),해부학
서울대학교,약학계열(6년제),약학실습 4
서울대학교,약학계열(6년제),비판적 심화탐구
서울대학교,약학계열(6년제),약학리더십
서울대학교,약학계열(6년제),의약품개발사
서울대학교,약학계열(6년제),면역학
서울대학교,약학계열(6년제),병리학(핵심)
서울대학교,약학계열(6년제),생약학(핵심)
서울대학교,약학계열(6년제),약품분석학(핵심)
서울대학교,약학계열(6년제),약학실습 1
서울대학교,약학계열(6년제),의약품합성화학
서울대학교,약학계열(6년제),약학미생물학(심화)
서울대학교,약학계열(6년제),응용약학통계학
서울대학교,약학계열(6년제),약물학 1
서울대학교,약학계열(6년제),제제학과 약물동태학의 기초
서울대학교,약학계열(6년제),약학실습 3
서울대학교,약학계열(6년제),약학 인재를 위한 기업가 정신과 창업
서울대학교,약학계열(6년제),면역질환과 면역치료
서울대학교,약학계열(6년제),의약품합성화학(심화)
서울대학교,약학계열(6년제),의약분자생물학
서울대학교,약학계열(6년제),약품분석학(심화)
서울대학교,약학계열(6년제),생약학(심화)
서울대학교,약학계열(6년제),병리학(심화)
서울대학교,약학계열(6년제),예방약학 1
서울대학교,약학계열(6년제),약학실습 2
서울대학교,약학과(2+4년제),약물유전체학
서울대학교,약학과(2+4년제),임상약동학
서울대학교,약학과(2+4년제),임상약물학
서울대학교,약학과(2+4년제),약용식물학
서울대학교,약학과(2+4년제),의약화학?2
서울대학교,약학과(2+4년제),분자종양생물학
서울대학교,약학과(2+4년제),사회약학
서울대학교,약학과(2+4년제),심화약학실습1
서울대학교,약학과(2+4년제),심화약학실습2
서울대학교,약학과(2+4년제),기능성식품?및?화장품
서울대학교,약학과(2+4년제),신약개발의 원리
서울대학교,약학과(2+4년제),분자병태생리학
서울대학교,약학과(2+4년제),의약분자생물학
서울대학교,약학과(2+4년제),약물치료학?1
서울대학교,약학과(2+4년제),약물치료학?2
서울대학교,약학과(2+4년제),약물치료학?3
서울대학교,약학과(2+4년제),약물치료학?4
서울대학교,약학과(2+4년제),천연물의약학
서울대학교,약학과(2+4년제),실무실습?1
서울대학교,약학과(2+4년제),실무실습?2
서울대학교,약학과(2+4년제),실무실습?3
서울대학교,약학과(2+4년제),천연물화학
서울대학교,약학과(2+4년제),약물치료학실습?1
서울대학교,약학과(2+4년제),약물치료학실습?2
서울대학교,약학과(2+4년제),독성학
서울대학교,약학과(2+4년제),생물의약분석
서울대학교,약학과(2+4년제),유용천연물소재학
서울대학교,약학과(2+4년제),바이오의약품학
서울대학교,약학과(2+4년제),유기약품합성화학특론
서울대학교,약학과(2+4년제),맞춤약제학
서울대학교,약학과(2+4년제),약물송달학
서울대학교,약학과(2+4년제),의약품개발사
서울대학교,약학과(2+4년제),실무실습?4
서울대학교,약학과(6년제),실무실습 1 
서울대학교,약학과(6년제),의약화학 1 (핵심)
서울대학교,약학과(6년제),실전의약품합성
서울대학교,약학과(6년제),약학연구 2
서울대학교,약학과(6년제),약물치료학: 면역과 피부 질환
서울대학교,약학과(6년제),기기분석
서울대학교,약학과(6년제),약전 밎 의약품 품질제조관리
서울대학교,약학과(6년제),약물치료학 및 실습: 소화기와 근골격계 질환
서울대학교,약학과(6년제),바이오의약품학
서울대학교,약학과(6년제),임상약물학
서울대학교,약학과(6년제),의약화학 2 (심화)
서울대학교,약학과(6년제),유용천연물소재학
서울대학교,약학과(6년제),약학연구 1
서울대학교,약학과(6년제),약물 송달학 
서울대학교,약학과(6년제),생물의약분석
서울대학교,약학과(6년제),독성학
서울대학교,약학과(6년제),약물치료학 및 실습: 내분비와 신장 질환
서울대학교,약학과(6년제),약료학 및 실습
서울대학교,약학과(6년제),사회약학원론
서울대학교,약학과(6년제),임상약학개론
서울대학교,약학과(6년제),임상약동력학 
서울대학교,약학과(6년제),예방약학 2
서울대학교,약학과(6년제),약물치료학 및 실습: 심혈관과 호흡기 질환
서울대학교,약학과(6년제),응용약물동태학과 생물약제학
서울대학교,약학과(6년제),약물학 2
서울대학교,약학과(6년제),기능성식품 및 화장품
서울대학교,약학과(6년제),천연물의약학
서울대학교,약학과(6년제),융합글로벌콜로키움
서울대학교,약학과(6년제),융합형 미래 신약
서울대학교,약학과(6년제),약학실습 8
서울대학교,약학과(6년제),약학실습 7
서울대학교,약학과(6년제),약학실습 6
서울대학교,약학과(6년제),약학실습 5
서울대학교,약학과(6년제),심화약학실습 2
서울대학교,약학과(6년제),심화약학실습 1
서울대학교,약학과(6년제),한약제제학
서울대학교,약학과(6년제),약학경영학
서울대학교,약학과(6년제),신약개발의 원리 
서울대학교,약학과(6년제),동물의약품학
서울대학교,약학과(6년제),건강증진과 약사
서울대학교,약학과(6년제),실무실습 4
서울대학교,약학과(6년제),실무실습 3
서울대학교,약학과(6년제),특수환자군 약료학
서울대학교,약학과(6년제),첨단 바이오의약품학
서울대학교,약학과(6년제),약학연구 3
서울대학교,약학과(6년제),약물치료학: 정신신경과 비뇨기 질환
서울대학교,약학과(6년제),약물유전체학
서울대학교,약학과(6년제),약물경제학
서울대학교,약학과(6년제),분자종양생물학
서울대학교,약학과(6년제),맞춤약제학
서울대학교,약학과(6년제),약사법규
서울대학교,약학과(6년제),약물치료학 및 실습: 감염과 종양 질환
서울대학교,약학과(6년제),실무실습 2
서울대학교,약학과(6년제),천연물화학
서울대학교,약학과(6년제),약학데이터사이언스개론
서울대학교,제약학과(2+4학제),분자병태생리학
서울대학교,제약학과(2+4학제),의약분자생물학
서울대학교,제약학과(2+4학제),독성학
서울대학교,제약학과(2+4학제),생물의약분석
서울대학교,제약학과(2+4학제),유용천연물소재학
서울대학교,제약학과(2+4학제),바이오의약품학
서울대학교,제약학과(2+4학제),유기약품합성화학특론
서울대학교,제약학과(2+4학제),맞춤약제학
서울대학교,제약학과(2+4학제),약물송달학
서울대학교,제약학과(2+4학제),약물유전체학
서울대학교,제약학과(2+4학제),임상약동학
서울대학교,제약학과(2+4학제),임상약물학
서울대학교,제약학과(2+4학제),약용식물학
서울대학교,제약학과(2+4학제),의약화학?2
서울대학교,제약학과(2+4학제),분자종양생물학
서울대학교,제약학과(2+4학제),사회약학
서울대학교,제약학과(2+4학제),심화약학실습1
서울대학교,제약학과(2+4학제),심화약학실습2
서울대학교,제약학과(2+4학제),기능성식품?및?화장품
서울대학교,제약학과(2+4학제),신약개발의 원리
서울대학교,제약학과(2+4학제),천연물화학
서울대학교,제약학과(2+4학제),의약품개발사
서울대학교,제약학과(2+4학제),실무실습?4
서울대학교,제약학과(2+4학제),약물치료학?1
서울대학교,제약학과(2+4학제),약물치료학?2
서울대학교,제약학과(2+4학제),약물치료학?3
서울대학교,제약학과(2+4학제),약물치료학?4
서울대학교,제약학과(2+4학제),천연물의약학
서울대학교,제약학과(2+4학제),실무실습?1
서울대학교,제약학과(2+4학제),실무실습?2
서울대학교,제약학과(2+4학제),실무실습?3
서울대학교,제약학과(2+4학제),약물치료학실습?1
서울대학교,제약학과(2+4학제),약물치료학실습?2
서울대학교,제약학과(6년제),첨단 바이오의약품학
서울대학교,제약학과(6년제),약학연구 3
서울대학교,제약학과(6년제),약물치료학: 정신신경과 비뇨기 질환
서울대학교,제약학과(6년제),약물유전체학
서울대학교,제약학과(6년제),약물경제학
서울대학교,제약학과(6년제),분자종양생물학
서울대학교,제약학과(6년제),맞춤약제학
서울대학교,제약학과(6년제),약사법규
서울대학교,제약학과(6년제),약물치료학 및 실습: 감염과 종양 질환
서울대학교,제약학과(6년제),실무실습 2
서울대학교,제약학과(6년제),천연물화학
서울대학교,제약학과(6년제),융합형 미래 신약
서울대학교,제약학과(6년제),특수환자군 약료학
서울대학교,제약학과(6년제),실무실습 3
서울대학교,제약학과(6년제),실무실습 4
서울대학교,제약학과(6년제),건강증진과 약사
서울대학교,제약학과(6년제),동물의약품학
서울대학교,제약학과(6년제),신약개발의 원리 
서울대학교,제약학과(6년제),약학경영학
서울대학교,제약학과(6년제),한약제제학
서울대학교,제약학과(6년제),심화약학실습 1
서울대학교,제약학과(6년제),심화약학실습 2
서울대학교,제약학과(6년제),약학실습 5
서울대학교,제약학과(6년제),약학실습 6
서울대학교,제약학과(6년제),약학실습 7
서울대학교,제약학과(6년제),약학실습 8
서울대학교,제약학과(6년제),융합글로벌콜로키움
서울대학교,제약학과(6년제),실전의약품합성
서울대학교,제약학과(6년제),약학연구 2
서울대학교,제약학과(6년제),실무실습 1 
서울대학교,제약학과(6년제),약물치료학 및 실습: 심혈관과 호흡기 질환
서울대학교,제약학과(6년제),의약화학 1 (핵심)
서울대학교,제약학과(6년제),천연물의약학
서울대학교,제약학과(6년제),기능성식품 및 화장품
서울대학교,제약학과(6년제),약물학 2
서울대학교,제약학과(6년제),응용약물동태학과 생물약제학
서울대학교,제약학과(6년제),약학데이터사이언스개론
서울대학교,제약학과(6년제),예방약학 2
서울대학교,제약학과(6년제),임상약동력학 
서울대학교,제약학과(6년제),임상약학개론
서울대학교,제약학과(6년제),사회약학원론
서울대학교,제약학과(6년제),약료학 및 실습
서울대학교,제약학과(6년제),약물치료학 및 실습: 내분비와 신장 질환
서울대학교,제약학과(6년제),약물치료학: 면역과 피부 질환
서울대학교,제약학과(6년제),기기분석
서울대학교,제약학과(6년제),약전 밎 의약품 품질제조관리
서울대학교,제약학과(6년제),약물치료학 및 실습: 소화기와 근골격계 질환
서울대학교,제약학과(6년제),바이오의약품학
서울대학교,제약학과(6년제),임상약물학
서울대학교,제약학과(6년제),의약화학 2 (심화)
서울대학교,제약학과(6년제),유용천연물소재학
서울대학교,제약학과(6년제),약학연구 1
서울대학교,제약학과(6년제),약물 송달학 
서울대학교,제약학과(6년제),생물의약분석
서울대학교,제약학과(6년제),독성학
서울대학교,관현악과,관악합주 2
서울대학교,관현악과,관악합주 1
서울대학교,관현악과,관악실기(악기명)
서울대학교,관현악과,관현악 2
서울대학교,관현악과,관악문헌
서울대학교,관현악과,재즈입문 1
서울대학교,관현악과,재즈입문 2
서울대학교,관현악과,현악합주
서울대학교,관현악과,현악실기(악기명)
서울대학교,관현악과,관현악문헌연주실기 1
서울대학교,관현악과,관현악 1
서울대학교,관현악과,호흡법
서울대학교,관현악과,현악문헌 2
서울대학교,관현악과,현악문헌 1
서울대학교,관현악과,관현악문헌연주실기 2
서울대학교,관현악과,바로크음악 연주법
서울대학교,국악과,국악작곡실기
서울대학교,국악과,국악지휘실기
서울대학교,국악과,국악성악실기
서울대학교,국악과,국악기악실기
서울대학교,국악과,국악관현악
서울대학교,국악과,창작국악론
서울대학교,국악과,국악비평론
서울대학교,국악과,국악공연기획
서울대학교,국악과,동양음악개론
서울대학교,국악과,국악사 2
서울대학교,국악과,국악사 1
서울대학교,국악과,국악반주법 2
서울대학교,국악과,국악반주법 1
서울대학교,국악과,한국춤 2
서울대학교,국악과,한국춤 1
서울대학교,국악과,국악이론
서울대학교,국악과,인류음악학개론
서울대학교,국악과,국악문헌의 이해
서울대학교,국악과,전통가창실습
서울대학교,국악과,국악분석
서울대학교,국악과,국악실내악2
서울대학교,국악과,국악실내악1
서울대학교,국악과,민속악합주2
서울대학교,국악과,민속악합주1
서울대학교,국악과,국악현악합주2
서울대학교,국악과,국악현악합주1
서울대학교,국악과,국악관악합주2
서울대학교,국악과,국악관악합주1
서울대학교,국악과,정악합주2
서울대학교,국악과,정악합주1
서울대학교,국악과,민속음악의이해
서울대학교,국악과,민요반주실습
서울대학교,국악과,한국악기론
서울대학교,성악과,한국가곡
서울대학교,성악과,현대가곡
서울대학교,성악과,영미가곡
서울대학교,성악과,독일어 딕션 1
서울대학교,성악과,독일어 딕션 2
서울대학교,성악과,프랑스어 딕션 1
서울대학교,성악과,프랑스어 딕션 2
서울대학교,성악과,성악가를 위한 음악 코칭
서울대학교,성악과,연기의 이해와 실습
서울대학교,성악과,무대동작기법 1
서울대학교,성악과,무대동작기법2
서울대학교,성악과,라이브 일렉트로닉 뮤직 1
서울대학교,성악과,라이브 일렉트로닉 뮤직 2
서울대학교,성악과,오페라워크숍 2
서울대학교,성악과,오페라워크숍 1
서울대학교,성악과,이태리어딕션
서울대학교,성악과,합창
서울대학교,성악과,이태리가곡
서울대학교,성악과,성악실기
서울대학교,성악과,독일가곡
서울대학교,성악과,성악인을 위한 이탈리아어 1
서울대학교,성악과,성악인을 위한 이탈리아어 2
서울대학교,성악과,오페라사 1
서울대학교,성악과,오페라사 2
서울대학교,성악과,영어딕션
서울대학교,성악과,오페라코칭 1
서울대학교,성악과,오페라코칭 2
서울대학교,성악과,프랑스가곡
서울대학교,음악대학,서양음악사 2
서울대학교,음악대학,음악과 글쓰기
서울대학교,음악대학,음악 진로 탐색
서울대학교,음악대학,창작국악실습
서울대학교,음악대학,연주사회공헌
서울대학교,음악대학,즉흥음악실습
서울대학교,음악대학,공연제작워크숍
서울대학교,음악대학,"스튜디오 뮤직 메이킹 (로직, 사운드 디자인) 입문 "
서울대학교,음악대학,"스튜디오 뮤직 메이킹 (로직, 거라지밴드) 입문 "
서울대학교,음악대학,이론(화성·대위·분석)6
서울대학교,음악대학,음악과 AI
서울대학교,음악대학,선택실기
서울대학교,음악대학,공연현장실습
서울대학교,음악대학,이론(화성·대위·분석)3
서울대학교,음악대학,이론(화성·대위·분석)2
서울대학교,음악대학,이론(화성·대위·분석)1
서울대학교,음악대학,시창청음 3
서울대학교,음악대학,시창청음 4
서울대학교,음악대학,서양음악사 3
서울대학교,음악대학,서양음악사 4
서울대학교,음악대학,음악분석 1
서울대학교,음악대학,음악분석 2
서울대학교,음악대학,연주
서울대학교,음악대학,국악가창지도법
서울대학교,음악대학,합창 합주 지도법
서울대학교,음악대학,음악분석 3
서울대학교,음악대학,음악분석 4
서울대학교,음악대학,이론(화성·대위·분석)4
서울대학교,음악대학,이론(화성·대위·분석)5
서울대학교,음악대학,국악개론 및 감상 1
서울대학교,음악대학,국악개론 및 감상 2
서울대학교,음악대학,시창청음 1
서울대학교,음악대학,시창청음 2
서울대학교,음악대학,건반화성
서울대학교,음악대학,서양음악사 1
서울대학교,음악학과,서양음악사문헌 3
서울대학교,음악학과,전공이론
서울대학교,음악학과,영화음악의 이론과 실제
서울대학교,음악학과,음악연구방법론
서울대학교,음악학과,서양음악사문헌 4
서울대학교,음악학과,음악사회학
서울대학교,음악학과,음악심리학
서울대학교,음악학과,음악이론사 2
서울대학교,음악학과,음악이론사 1
서울대학교,음악학과,화성법(이론) 4
서울대학교,음악학과,화성법(이론) 3
서울대학교,음악학과,서양음악사문헌 2
서울대학교,음악학과,서양음악사문헌 1
서울대학교,음악학과,대위법(이론) 4
서울대학교,음악학과,대위법(이론) 3
서울대학교,음악학과,음악학개론
서울대학교,음악학과,음악미학
서울대학교,음악학과,화성법(이론) 2
서울대학교,음악학과,화성법(이론) 1
서울대학교,음악학과,대위법(이론) 2
서울대학교,음악학과,대위법(이론) 1
서울대학교,음악학과,음악테크놀로지의 역사와 실제
서울대학교,음악학과,음악테크놀로지의 이론과 실제
서울대학교,음악학과,음향학개론 1
서울대학교,음악학과,스크린 스코어링
서울대학교,음악학과,뮤직 프로덕션과 엔지니어링 개론 2
서울대학교,음악학과,뮤직 프로덕션과 엔지니어링 개론 1
서울대학교,음악학과,라이브 음향 디자인 기초 2
서울대학교,음악학과,라이브 음향 디자인 기초 1
서울대학교,음악학과,음악 프로덕션 입문 2
서울대학교,음악학과,음악 프로덕션 입문 1
서울대학교,음악학과,"스튜디오 뮤직 메이킹(로직, 거라지밴드) 고급"
서울대학교,음악학과,"스튜디오 뮤직 메이킹(로직, 사운드 디자인) 고급"
서울대학교,음악학과,음악비평
서울대학교,음악학과,음향학개론 2
서울대학교,작곡과,대위법(작곡) 4
서울대학교,작곡과,작곡실기
서울대학교,작곡과,화성법(작곡) 3
서울대학교,작곡과,화성법(작곡) 4
서울대학교,작곡과,전자음악실기
서울대학교,작곡과,지휘실기
서울대학교,작곡과,전자음악 이론 및 실습 1
서울대학교,작곡과,전자음악 이론 및 실습 2
서울대학교,작곡과,푸가
서울대학교,작곡과,현대음악연주 및 제작실습
서울대학교,작곡과,총보독법
서울대학교,작곡과,음악교육론
서울대학교,작곡과,대위법(작곡) 3
서울대학교,작곡과,악기론 2
서울대학교,작곡과,악기론 1
서울대학교,작곡과,작곡 포럼
서울대학교,작곡과,화성법(작곡) 2
서울대학교,작곡과,화성법(작곡) 1
서울대학교,작곡과,대위법(작곡) 2
서울대학교,작곡과,대위법(작곡) 1
서울대학교,작곡과,보컬 스코어 문헌 연구 및 리딩
서울대학교,작곡과,멀티미디어음악 입문
서울대학교,작곡과,관현악법(작) 1
서울대학교,작곡과,관현악법(작) 2
서울대학교,작곡과,지휘자를 위한 피아노
서울대학교,작곡과,지휘법
서울대학교,작곡과,음악교재연구 및 지도법
서울대학교,피아노과,피아노교수법
서울대학교,피아노과,바로크 연주법 실습
서울대학교,피아노과,음악과 창의적 커리어 개발
서울대학교,피아노과,피아노문헌 1
서울대학교,피아노과,피아노구조 및 관리
서울대학교,피아노과,실내앙상블(중주)
서울대학교,피아노과,피아노실기
서울대학교,피아노과,성악반주
서울대학교,피아노과,기악반주
서울대학교,피아노과,피아노문헌 2
서울대학교,의예과,통일의료
서울대학교,의예과,자유주제탐구
서울대학교,의예과,의학입문
서울대학교,의예과,의학연구의 이해
서울대학교,의예과,의학연구의 실제 2
서울대학교,의예과,의학연구의 실제 1
서울대학교,의예과,의생명과학 논문의 이해
서울대학교,의예과,의료와 데이터사이언스
서울대학교,의예과,의대생을 위한 고전읽기
서울대학교,의예과,유전학
서울대학교,의예과,세계예술 속 의학의 이해
서울대학교,의예과,사회와 의료현장에서의 리빙랩
서울대학교,의예과,사례별 질병 진단의 실제
서울대학교,의예과,바이오헬스케어와 혁신사고
서울대학교,의예과,몸 속으로의 여행: 인체와 수술
서울대학교,의예과,디지털 데이터 의학개론
서울대학교,의예과,기초의학통계학 및 실험
서울대학교,의예과,국제의학의 이해
서울대학교,의예과,세포분자생물학
서울대학교,의학과,호흡기
서울대학교,의학과,성형외과학 및 실습
서울대학교,의학과,소아과학 및 실습
서울대학교,의학과,소화기
서울대학교,의학과,순환기
서울대학교,의학과,신경과학 및 실습
서울대학교,의학과,신경외과학 및 실습
서울대학교,의학과,신장요로
서울대학교,의학과,심장혈관흉부외과학 및 실습
서울대학교,의학과,심화선택
서울대학교,의학과,안과학 및 실습
서울대학교,의학과,약물의 이해
서울대학교,의학과,영상의학 및 실습
서울대학교,의학과,외과학 및 실습
서울대학교,의학과,응급의학 및 실습
서울대학교,의학과,의학연구 1
서울대학교,의학과,의학연구 2
서울대학교,의학과,이비인후과학 및 실습
서울대학교,의학과,인간·사회·의료 1
서울대학교,의학과,선택교과 4
서울대학교,의학과,선택교과 3
서울대학교,의학과,가정의학 및 실습
서울대학교,의학과,감염과 면역
서울대학교,의학과,감염의 기초
서울대학교,의학과,"근골격, 피부 및 감각기"
서울대학교,의학과,기초신경과학
서울대학교,의학과,내과학 및 실습
서울대학교,의학과,뇌신경과 정신행동
서울대학교,의학과,대사와 내분비
서울대학교,의학과,마취통증의학 및 실습
서울대학교,의학과,면역의 기초
서울대학교,의학과,방사선종양학 및 실습
서울대학교,의학과,병원병리학 및 실습
서울대학교,의학과,비뇨의학 및 실습
서울대학교,의학과,산부인과학 및 실습
서울대학교,의학과,생식·성장·발달 1
서울대학교,의학과,생식·성장·발달 2
서울대학교,의학과,선택교과 1
서울대학교,의학과,선택교과 2
서울대학교,의학과,인간·사회·의료 2
서울대학교,의학과,인간·사회·의료 3
서울대학교,의학과,조직학총론
서울대학교,의학과,종합시험 1
서울대학교,의학과,종합시험 2
서울대학교,의학과,종합시험 4
서울대학교,의학과,지역사회의학 및 실습
서울대학교,의학과,진단검사의학 및 실습
서울대학교,의학과,질병의 병리학적 이해
서울대학교,의학과,통합임상실습
서울대학교,의학과,피부과학 및 실습
서울대학교,의학과,학생인턴 1
서울대학교,의학과,학생인턴 2
서울대학교,의학과,학생인턴 3
서울대학교,의학과,학생인턴 4
서울대학교,의학과,학생인턴 5
서울대학교,의학과,학생인턴 6
서울대학교,의학과,학생인턴 7
서울대학교,의학과,핵의학 및 실습
서울대학교,의학과,혈액과 종양
서울대학교,의학과,정형외과학 및 실습
서울대학교,의학과,정신과학 및 실습
서울대학교,의학과,인간·사회·의료 4
서울대학교,의학과,인간·사회·의료 5
서울대학교,의학과,인간·사회·의료 6
서울대학교,의학과,인간·사회·의료 7
서울대학교,의학과,인간·사회·의료 8
서울대학교,의학과,인체생화학
서울대학교,의학과,인체조직과 생리학
서울대학교,의학과,인체해부학
서울대학교,의학과,임상수행능력종합훈련 및 평가 1
서울대학교,의학과,임상수행능력종합훈련 및 평가 2
서울대학교,의학과,임상약리학 및 실습
서울대학교,의학과,임상의학입문 1
서울대학교,의학과,임상의학입문 2-1
서울대학교,의학과,임상의학입문 2-2
서울대학교,의학과,임상의학입문 3
서울대학교,의학과,임상추론 1
서울대학교,의학과,임상추론 2
서울대학교,의학과,임상특과
서울대학교,의학과,재활의학 및 실습
서울대학교,고고미술사학과,르네상스 미술
서울대학교,고고미술사학과,미술사와 시각문화
서울대학교,고고미술사학과,고고학연구의 기초
서울대학교,고고미술사학과,한국의 미술문화
서울대학교,고고미술사학과,중국의 회화
서울대학교,고고미술사학과,한국의 회화
서울대학교,고고미술사학과,미술사실습
서울대학교,고고미술사학과,한국의 도자
서울대학교,고고미술사학과,박물관학입문
서울대학교,고고미술사학과,현대고고학특강
서울대학교,고고미술사학과,인류문화와 환경
서울대학교,고고미술사학과,고고학실습
서울대학교,고고미술사학과,문화유산관리와 박물관
서울대학교,고고미술사학과,고고학 조사방법론
서울대학교,고고미술사학과,서양고대 및 중세미술
서울대학교,고고미술사학과,인도의 미술
서울대학교,고고미술사학과,중국의 미술
서울대학교,고고미술사학과,인골고고학
서울대학교,고고미술사학과,고고학사
서울대학교,고고미술사학과,고고학연습
서울대학교,고고미술사학과,미술사연습
서울대학교,고고미술사학과,동아시아의 선사시대
서울대학교,고고미술사학과,불교미술: 개념과 지역적 전개
서울대학교,고고미술사학과,미술사연구이론
서울대학교,고고미술사학과,고고학방법론
서울대학교,고고미술사학과,한국의 근현대미술
서울대학교,고고미술사학과,현대미술과 시각문화
서울대학교,고고미술사학과,일본의 회화
서울대학교,고고미술사학과,생계경제고고학
서울대학교,고고미술사학과,고고학과 사회복합화
서울대학교,고고미술사학과,한국고고학 3(삼국시대)
서울대학교,고고미술사학과,한국의 불교미술
서울대학교,고고미술사학과,한국고고학 4(통일신라·고려·조선시대)
서울대학교,고고미술사학과,고고학과 자료분석
서울대학교,고고미술사학과,한국고고학 1(구석기시대·신석기시대·청동기시대Ⅰ)
서울대학교,고고미술사학과,한국고고학 2(청동기시대Ⅱ·초기철기시대·원삼국시대)
서울대학교,고고미술사학과,세계의 선사문화
서울대학교,고고미술사학과,일본의 미술
서울대학교,고고미술사학과,서양의 19세기 미술
서울대학교,고고미술사학과,"유럽의 17, 18세기 미술"
서울대학교,국어국문학과,한국어의미론
서울대학교,국어국문학과,한국구비문학론
서울대학교,국어국문학과,한국현대소설강독
서울대학교,국어국문학과,한국현대문학비평
서울대학교,국어국문학과,한국현대시강독
서울대학교,국어국문학과,한국어어휘론
서울대학교,국어국문학과,한국영상문학론
서울대학교,국어국문학과,한국어학자료읽기
서울대학교,국어국문학과,세계 속의 한국문학
서울대학교,국어국문학과,한국고전소설강독
서울대학교,국어국문학과,"소설, 영화, 대중문화 컨텐츠를 통해 보는 현대 한국"
서울대학교,국어국문학과,K문학의 이해
서울대학교,국어국문학과,한국학으로서의 한국문학
서울대학교,국어국문학과,한국어학사
서울대학교,국어국문학과,한국어방언학
서울대학교,국어국문학과,한국어음운론
서울대학교,국어국문학과,한국고전시가강독
서울대학교,국어국문학과,한국현대희곡론
서울대학교,국어국문학과,한국문학연구입문
서울대학교,국어국문학과,한국어연구입문
서울대학교,국어국문학과,한국고전문학사
서울대학교,국어국문학과,한국현대문학사
서울대학교,국어국문학과,한국고전산문강독
서울대학교,국어국문학과,한국어의 역사
서울대학교,국어국문학과,한국어문법론
서울대학교,국어국문학과,한국어정보의 전산처리
서울대학교,국어국문학과,한국고전시가론
서울대학교,국어국문학과,한국한문학론
서울대학교,국어국문학과,한국현대작가론
서울대학교,국어국문학과,한국현대소설론
서울대학교,국어국문학과,한국문학과 한국사회
서울대학교,국어국문학과,한국현대시인론
서울대학교,국어국문학과,한국현대시론
서울대학교,국어국문학과,한국고전소설론
서울대학교,노어노문학과,러시아인의 세계와 언어
서울대학교,노어노문학과,러시아연극연습
서울대학교,노어노문학과,맥락 속의 러시아어
서울대학교,노어노문학과,러시아어의 과거와 현재
서울대학교,노어노문학과,러시아문학사 2
서울대학교,노어노문학과,러시아어교육론
서울대학교,노어노문학과,러시아문예학개론
서울대학교,노어노문학과,러시아문학과 역사
서울대학교,노어노문학과,기초러시아어회화
서울대학교,노어노문학과,러시아시와 노래
서울대학교,노어노문학과,러시아문학강독
서울대학교,노어노문학과,러시아학입문
서울대학교,노어노문학과,러시아예술과 문화
서울대학교,노어노문학과,러시아문학과 사상의 흐름
서울대학교,노어노문학과,세계속의 러시아어
서울대학교,노어노문학과,러시아어교재연구 및 지도법
서울대학교,노어노문학과,러시아어학개론
서울대학교,노어노문학과,러시아어문학논문쓰기
서울대학교,노어노문학과,고급 러시아어
서울대학교,노어노문학과,러시아어 음성학: 발음과 억양
서울대학교,노어노문학과,동유럽 문학과 사회
서울대학교,노어노문학과,러시아 영화와 현대사회
서울대학교,노어노문학과,러시아학 특강
서울대학교,노어노문학과,러시아시의 이해
서울대학교,노어노문학과,러시아문학작가연구 2
서울대학교,노어노문학과,러시아문학작가연구 1
서울대학교,노어노문학과,러시아어교과 논리 및 논술
서울대학교,노어노문학과,러시아문학비평론
서울대학교,노어노문학과,러시아문학특강
서울대학교,노어노문학과,러시아어와 인지
서울대학교,노어노문학과,러시아어에세이연습
서울대학교,노어노문학과,러시아연극
서울대학교,노어노문학과,러시아문학사1
서울대학교,노어노문학과,러시아환상문학
서울대학교,독어독문학과,"독일의 신화, 민담, 동화"
서울대학교,독어독문학과,고급독일어 2
서울대학교,독어독문학과,독일어의 구조
서울대학교,독어독문학과,독문학과 공연예술
서울대학교,독어독문학과,독일소설
서울대학교,독어독문학과,독일시
서울대학교,독어독문학과,독일희곡
서울대학교,독어독문학과,독문번역연습2
서울대학교,독어독문학과,고급독일어 1
서울대학교,독어독문학과,독일문학사 2
서울대학교,독어독문학과,독일문학사 1
서울대학교,독어독문학과,독일어집중회화 2
서울대학교,독어독문학과,독일어집중회화 1
서울대학교,독어독문학과,독일어의 역사
서울대학교,독어독문학과,영화로 보는 독일문화
서울대학교,독어독문학과,독일매체이론의 이해
서울대학교,독어독문학과,현대독일작가론
서울대학교,독어독문학과,독일문화이론
서울대학교,독어독문학과,응용 독어학의 이론과 실제
서울대학교,독어독문학과,독어독문학특강
서울대학교,독어독문학과,독어학의 이해
서울대학교,독어독문학과,독문번역연습 1
서울대학교,독어독문학과,독일문학개론
서울대학교,독어독문학과,EU와 독일어권 문화
서울대학교,독어독문학과,독일어권의 문학과 예술
서울대학교,독어독문학과,독일의 언어문화
서울대학교,독어독문학과,독문법 및 작문
서울대학교,미학과,동양예술론
서울대학교,미학과,미학원론
서울대학교,미학과,시각예술미학특강
서울대학교,미학과,무용미학
서울대학교,미학과,예술심리학
서울대학교,미학과,예술사회학
서울대학교,미학과,미술사론
서울대학교,미학과,영상미학
서울대학교,미학과,연극미학
서울대학교,미학과,미술비평론
서울대학교,미학과,한국예술사상
서울대학교,미학과,고중세미학
서울대학교,미학과,근대미학
서울대학교,미학과,프랑스미학
서울대학교,미학과,동양미학개론
서울대학교,미학과,매체미학
서울대학교,미학과,사진미학
서울대학교,미학과,고전미학특강
서울대학교,미학과,사회미학특강
서울대학교,미학과,근대미학특강
서울대학교,미학과,음악론특강
서울대학교,미학과,분석미학
서울대학교,미학과,독일미학
서울대학교,미학과,독일미학특강
서울대학교,미학과,동양미학특강
서울대학교,미학과,영미미학특강
서울대학교,미학과,조형예술미학
서울대학교,미학과,프랑스미학특강
서울대학교,미학과,음악미학
서울대학교,불어불문학과,세계속의 프랑스어
서울대학교,불어불문학과,프랑스 영화와 예술
서울대학교,불어불문학과,프랑스문학특강
서울대학교,불어불문학과,현대프랑스문화현상과 이론
서울대학교,불어불문학과,프랑스언어학특강
서울대학교,불어불문학과,현대프랑스언어학
서울대학교,불어불문학과,고급프랑스어회화
서울대학교,불어불문학과,프랑스비평
서울대학교,불어불문학과,현대프랑스문화분석
서울대학교,불어불문학과,프랑스어문법과 텍스트
서울대학교,불어불문학과,20세기프랑스소설
서울대학교,불어불문학과,19세기프랑스소설
서울대학교,불어불문학과,프랑스문학개론 1
서울대학교,불어불문학과,18세기프랑스문학
서울대학교,불어불문학과,프랑스어학개론 2
서울대학교,불어불문학과,프랑스어문법과 작문
서울대학교,불어불문학과,프랑스연극
서울대학교,불어불문학과,프랑스어권문학강독
서울대학교,불어불문학과,시청각프랑스어연습
서울대학교,불어불문학과,프랑스문학과 예술의 흐름
서울대학교,불어불문학과,프랑스어학개론 1
서울대학교,서어서문학과,스페인어교재연구 및 지도법
서울대학교,서어서문학과,고급스페인어회화
서울대학교,서어서문학과,스페인희곡
서울대학교,서어서문학과,스페인소설
서울대학교,서어서문학과,중남미소설
서울대학교,서어서문학과,스페인시강독
서울대학교,서어서문학과,중남미시연습
서울대학교,서어서문학과,스페인어교육론
서울대학교,서어서문학과,스페인어학개론
서울대학교,서어서문학과,중남미문화비평
서울대학교,서어서문학과,스페인어권문화강독
서울대학교,서어서문학과,중급스페인어작문
서울대학교,서어서문학과,중급스페인어회화
서울대학교,서어서문학과,스페인문학사
서울대학교,서어서문학과,스페인사회와 문화
서울대학교,서어서문학과,스페인어의 세계
서울대학교,서어서문학과,스페인 영화의 이해
서울대학교,서어서문학과,현대라틴아메리카의 대중문화
서울대학교,서어서문학과,스페인어학연습 2
서울대학교,서어서문학과,스페인어번역연습
서울대학교,서어서문학과,중남미문학사
서울대학교,서어서문학과,스페인어 문법과 의미
서울대학교,서어서문학과,스페인어 문법과 구조
서울대학교,서어서문학과,고급스페인어작문
서울대학교,서어서문학과,스페인어 교과 논리 및 논술
서울대학교,서어서문학과,스페인어학연습 1
서울대학교,서어서문학과,라틴아메리카 영화와 현대사회
서울대학교,서어서문학과,중남미문학특강
서울대학교,서어서문학과,스페인문학특강
서울대학교,아시아언어문명학부,전후 일본 문화와 예술
서울대학교,아시아언어문명학부,전후 일본사회와 영화
서울대학교,아시아언어문명학부,일본론 특강
서울대학교,아시아언어문명학부,타이어 강독
서울대학교,아시아언어문명학부,동남아시아 문학의 이해
서울대학교,아시아언어문명학부,동남아시아의 전통예술과 대중문화
서울대학교,아시아언어문명학부,동남아시아의 국가와 사회
서울대학교,아시아언어문명학부,이슬람 고전 강독
서울대학교,아시아언어문명학부,서아시아 문학의 이해
서울대학교,아시아언어문명학부,서아시아 문명 특강
서울대학교,아시아언어문명학부,고급 아랍어 1
서울대학교,아시아언어문명학부,고급 터키어 1
서울대학교,아시아언어문명학부,고급 터키어 2
서울대학교,아시아언어문명학부,서아시아 언어의 세계
서울대학교,아시아언어문명학부,이슬람 사상과 근현대 서아시아
서울대학교,아시아언어문명학부,이슬람세계 예술의 이해
서울대학교,아시아언어문명학부,이슬람 사상 특강
서울대학교,아시아언어문명학부,중급 아랍어 2
서울대학교,아시아언어문명학부,중급 터키어 1
서울대학교,아시아언어문명학부,중급 터키어 2
서울대학교,아시아언어문명학부,고급 아랍어 2
서울대학교,아시아언어문명학부,인도영화와 현대 사회
서울대학교,아시아언어문명학부,산스크리트어강독 2
서울대학교,아시아언어문명학부,산스크리트어강독 1
서울대학교,아시아언어문명학부,일본현대소설
서울대학교,아시아언어문명학부,일본의 사상과 문명
서울대학교,아시아언어문명학부,일본근대문학
서울대학교,아시아언어문명학부,말레이-인도네시아어 강독 2
서울대학교,아시아언어문명학부,말레이-인도네시아어 강독 1
서울대학교,아시아언어문명학부,동남아시아 디아스포라의 과거와 현재-지역과 세계
서울대학교,아시아언어문명학부,세계사 속의 동남아시아
서울대학교,아시아언어문명학부,아시아문명교류사
서울대학교,아시아언어문명학부,힌디어강독
서울대학교,아시아언어문명학부,인도 근현대 문화와 예술
서울대학교,아시아언어문명학부,남아시아의 언어
서울대학교,아시아언어문명학부,인도의 사상과 종교
서울대학교,아시아언어문명학부,인도고전문학
서울대학교,아시아언어문명학부,일본고전문학
서울대학교,아시아언어문명학부,인도문명특강
서울대학교,아시아언어문명학부,인도사상특강
서울대학교,아시아언어문명학부,아시아문명연구의 시각
서울대학교,아시아언어문명학부,근·현대 인도의 사회와 문화
서울대학교,아시아언어문명학부,해양부 동남아시아의 사회와 문화
서울대학교,아시아언어문명학부,대륙부 동남아시아의 사회와 문화
서울대학교,아시아언어문명학부,동남아시아 문명 특강
서울대학교,아시아언어문명학부,동남아시아의 사상과 문명
서울대학교,아시아언어문명학부,아시아연구지도
서울대학교,아시아언어문명학부,이슬람의 다양성:순니와 시아
서울대학교,아시아언어문명학부,일본 근대 시각문화
서울대학교,아시아언어문명학부,중급 아랍어 1
서울대학교,아시아언어문명학부,일본문헌 번역연습
서울대학교,아시아언어문명학부,일본문명특강
서울대학교,아시아언어문명학부,베트남어 강독 2
서울대학교,아시아언어문명학부,베트남어 강독 1
서울대학교,아시아언어문명학부,페르시아어강독 2
서울대학교,아시아언어문명학부,페르시아어강독 1
서울대학교,아시아언어문명학부,중동현대사의 쟁점들
서울대학교,아시아언어문명학부,일본문헌강독 2
서울대학교,아시아언어문명학부,일본문헌강독 1
서울대학교,아시아언어문명학부,힌디어 문헌강독
서울대학교,아시아언어문명학부,인도문명의 이해
서울대학교,아시아언어문명학부,서아시아문명의 이해
서울대학교,아시아언어문명학부,동남아시아문명의 이해
서울대학교,아시아언어문명학부,일본문명의 이해
서울대학교,아시아언어문명학부,인도의 신화와 예술
서울대학교,아시아언어문명학부,인도문학의 이해
서울대학교,아시아언어문명학부,인도사 1
서울대학교,아시아언어문명학부,인도사 2
서울대학교,아시아언어문명학부,인도현대문학
서울대학교,아시아언어문명학부,아시아문명론입문
서울대학교,아시아언어문명학부,고대서아시아문명
서울대학교,아시아언어문명학부,이슬람문명의 기원과 전개
서울대학교,아시아언어문명학부,일본 전통 문화와 예술
서울대학교,아시아언어문명학부,집중일본어 2
서울대학교,아시아언어문명학부,집중일본어 1
서울대학교,아시아언어문명학부,집중 타이어 2
서울대학교,아시아언어문명학부,집중 타이어 1
서울대학교,아시아언어문명학부,동남아시아 문학 특강
서울대학교,아시아언어문명학부,동남아시아의 종교와 문명
서울대학교,아시아언어문명학부,집중페르시아어 2
서울대학교,아시아언어문명학부,집중페르시아어 1
서울대학교,아시아언어문명학부,고대서아시아 신화와 문학
서울대학교,언어학과,만주어
서울대학교,언어학과,언어학사
서울대학교,언어학과,형태론
서울대학교,언어학과,의미론
서울대학교,언어학과,역사비교언어학
서울대학교,언어학과,통사론
서울대학교,언어학과,사회언어학
서울대학교,언어학과,언어조사 및 분석
서울대학교,언어학과,심리언어학
서울대학교,언어학과,특수언어특강
서울대학교,언어학과,컴퓨터언어학
서울대학교,언어학과,언어학연습 1
서울대학교,언어학과,응용음성학
서울대학교,언어학과,언어와 정보처리
서울대학교,언어학과,언어학연습 2
서울대학교,언어학과,심화음운론
서울대학교,언어학과,추론과 언어직관
서울대학교,언어학과,심화통사론
서울대학교,언어학과,언어데이터과학
서울대학교,언어학과,수어언어학
서울대학교,언어학과,언어습득
서울대학교,언어학과,언어학을 위한 통계
서울대학교,언어학과,실험언어학
서울대학교,언어학과,인도유럽언어학
서울대학교,언어학과,알타이언어학
서울대학교,언어학과,화용론
서울대학교,언어학과,언어장애 및 치료
서울대학교,언어학과,언어와 언어학
서울대학교,언어학과,언어와 컴퓨터
서울대학교,언어학과,말소리의 세계
서울대학교,언어학과,세계의 언어
서울대학교,언어학과,음운론
서울대학교,역사학부,서양사특강
서울대학교,역사학부,서양고대사: 지중해 세계의 형성과 변화
서울대학교,역사학부,서양중세사: 기독교 세계의 형성과 변화 
서울대학교,역사학부,서양근대사: 유럽과 근대 세계
서울대학교,역사학부,서양현대사
서울대학교,역사학부,글로벌 제국사
서울대학교,역사학부,프랑스혁명을 보는 새로운 관점
서울대학교,역사학부,이주와 이동의 역사
서울대학교,역사학부,기업과 자본주의의 역사
서울대학교,역사학부,냉전의 역사
서울대학교,역사학부,독재와 파시즘의 역사
서울대학교,역사학부,"교환의 역사: 화폐, 상품, 시장"
서울대학교,역사학부,러시아사
서울대학교,역사학부,한국고대사
서울대학교,역사학부,한국근대사
서울대학교,역사학부,한국중세사
서울대학교,역사학부,한국고대사상사
서울대학교,역사학부,한국사특강 1
서울대학교,역사학부,한국근세사상사
서울대학교,역사학부,한국과학기술사
서울대학교,역사학부,한국사특강 2
서울대학교,역사학부,한국독립운동사
서울대학교,역사학부,한국정치사회사
서울대학교,역사학부,한국현대사
서울대학교,역사학부,동아시아 문헌과 규장각
서울대학교,역사학부,한국사를 보는 관점과 자료
서울대학교,역사학부,20세기 한국사
서울대학교,역사학부,한국사와 생활문화
서울대학교,역사학부,한국근세사
서울대학교,역사학부,원어로 읽는 유럽사
서울대학교,역사학부,동남아시아의 역사와 해상무역
서울대학교,역사학부,개관 베트남사
서울대학교,역사학부,동남아시아 및 주변의 역사와 기억
서울대학교,역사학부,근세무슬림제국과 그 유산
서울대학교,역사학부,서아시아사 특강
서울대학교,역사학부,몽골세계제국사
서울대학교,역사학부,전통중국의 사상과 종교
서울대학교,역사학부,동아시아역사고전독해
서울대학교,역사학부,아시아사입문
서울대학교,역사학부,개관일본사
서울대학교,역사학부,이탈리아사
서울대학교,역사학부,미국사
서울대학교,역사학부,프랑스사
서울대학교,역사학부,사료로 보는 서양사
서울대학교,역사학부,독일사
서울대학교,역사학부,중국현대사
서울대학교,역사학부,중국중세사
서울대학교,역사학부,한국사회경제사
서울대학교,역사학부,한국현대사특강
서울대학교,역사학부,한국중세사상사
서울대학교,역사학부,동아시아 사회경제사 특강
서울대학교,역사학부,세계사 속의 중앙유라시아사
서울대학교,역사학부,아시아사특강
서울대학교,역사학부,일본근현대사1
서울대학교,역사학부,일본근현대사2
서울대학교,역사학부,일본사특강
서울대학교,역사학부,일본고중세사
서울대학교,역사학부,중국고대사
서울대학교,역사학부,중국근대사
서울대학교,역사학부,중국근세사
서울대학교,역사학부,한국사를 이끈 사상가들
서울대학교,역사학부,공공역사의 이론과 실천
서울대학교,역사학부,동서양 법문화와 생활
서울대학교,역사학부,근대서양의 인종과 식민주의
서울대학교,역사학부,영어로 역사 읽기
서울대학교,역사학부,영국사
서울대학교,역사학부,역사와 디지털 인문학
서울대학교,역사학부,역사 공부의 기초
서울대학교,역사학부,한문사료강독 2
서울대학교,역사학부,역사학 논문쓰기 2
서울대학교,역사학부,역사학 논문쓰기 3
서울대학교,역사학부,젠더로 이해하는 역사
서울대학교,역사학부,세계 유산으로 보는 역사
서울대학교,역사학부,역사학의 역사
서울대학교,역사학부,국제관계사특강
서울대학교,역사학부,대중문화 속의 역사 읽기
서울대학교,역사학부,한문사료강독 1
서울대학교,역사학부,역사학 논문쓰기 1
서울대학교,역사학부,글로벌 생태환경사
서울대학교,영어영문학과,르네상스 영국 드라마
서울대학교,영어영문학과,현대영시
서울대학교,영어영문학과,19세기 영국소설
서울대학교,영어영문학과,17ㆍ18세기 영국시
서울대학교,영어영문학과,18세기 영국소설
서울대학교,영어영문학과,비평이론
서울대학교,영어영문학과,영문학특강 1
서울대학교,영어영문학과,영문학특강 2
서울대학교,영어영문학과,현대영미드라마
서울대학교,영어영문학과,영어의미의 이해
서울대학교,영어영문학과,영어문장구조의 이해
서울대학교,영어영문학과,영어습득의 이해
서울대학교,영어영문학과,영어 말소리의 이해
서울대학교,영어영문학과,현대영국소설
서울대학교,영어영문학과,영문학과 대중문화
서울대학교,영어영문학과,현대미국소설
서울대학교,영어영문학과,영어학입문
서울대학교,영어영문학과,영미명작의 세계
서울대학교,영어영문학과,고급영문법
서울대학교,영어영문학과,19세기 미국소설
서울대학교,영어영문학과,영작문
서울대학교,영어영문학과,영어와 사회
서울대학교,영어영문학과,영어담화분석
서울대학교,영어영문학과,영어발달사
서울대학교,영어영문학과,셰익스피어
서울대학교,영어영문학과,코퍼스 영어학
서울대학교,영어영문학과,중세영문학
서울대학교,영어영문학과,르네상스 영시
서울대학교,영어영문학과,미국시
서울대학교,영어영문학과,영어학특강
서울대학교,영어영문학과,최근 영어권 소설
서울대학교,영어영문학과,소설의 이론과 서사 전통
서울대학교,영어영문학과,여성문학의 전통
서울대학교,영어영문학과,영국문학개관 1
서울대학교,영어영문학과,영국문학개관 2
서울대학교,영어영문학과,미국문학개관
서울대학교,영어영문학과,19세기 영국시
서울대학교,영어영문학과,영문학입문
서울대학교,인문대학,소그룹 인문학 주제 탐구 1
서울대학교,인문대학,소그룹 인문학 주제 탐구 2
서울대학교,인문대학,프랑스문학강독
서울대학교,인문대학,프랑스시
서울대학교,인문대학,중세 프랑스문학
서울대학교,종교학과,한국유교
서울대학교,종교학과,비교종교학
서울대학교,종교학과,한국종교
서울대학교,종교학과,한국불교
서울대학교,종교학과,종교의례
서울대학교,종교학과,일본종교
서울대학교,종교학과,종교교육론
서울대학교,종교학과,동아시아의 종교와 문화
서울대학교,종교학과,원시종교
서울대학교,종교학과,고대종교
서울대학교,종교학과,현대종교
서울대학교,종교학과,경전과 고전
서울대학교,종교학과,신비주의
서울대학교,종교학과,종교교육 논리 및 논술
서울대학교,종교학과,한국기독교
서울대학교,종교학과,신화학
서울대학교,종교학과,세계종교
서울대학교,종교학과,불교개론
서울대학교,종교학과,기독교개론
서울대학교,종교학과,종교와 종교학
서울대학교,종교학과,인도종교
서울대학교,종교학과,유교개론
서울대학교,종교학과,이슬람교개론
서울대학교,종교학과,도교개론
서울대학교,종교학과,종교학의 전개
서울대학교,종교학과,종교현상학
서울대학교,종교학과,종교철학
서울대학교,종교학과,종교인류학
서울대학교,종교학과,종교사회학
서울대학교,종교학과,한국민속종교
서울대학교,종교학과,종교심리학
서울대학교,종교학과,종교 교재 연구 및 지도법
서울대학교,중어중문학과,현대중국의 영화와 사회
서울대학교,중어중문학과,중국어어휘론
서울대학교,중어중문학과,중국어학의 이해
서울대학교,중어중문학과,중국어학특강
서울대학교,중어중문학과,중국어음성학
서울대학교,중어중문학과,중국어발표와 토론
서울대학교,중어중문학과,중국어글쓰기
서울대학교,중어중문학과,중국사회문화론특강
서울대학교,중어중문학과,시경.초사
서울대학교,중어중문학과,중국공연예술
서울대학교,중어중문학과,중국사곡강독
서울대학교,중어중문학과,중국현대문학론
서울대학교,중어중문학과,중국어문법
서울대학교,중어중문학과,중국 전통 문화의 의미와 현대 중국
서울대학교,중어중문학과,중국역대산문강독2
서울대학교,중어중문학과,중국역대산문강독1
서울대학교,중어중문학과,고급중국어
서울대학교,중어중문학과,중국현대문학강독
서울대학교,중어중문학과,중국소설과 문화
서울대학교,중어중문학과,중국문학사
서울대학교,중어중문학과,중국어문학논문쓰기
서울대학교,중어중문학과,고대 중국의 텍스트와 현대사회
서울대학교,중어중문학과,현대중국소설
서울대학교,중어중문학과,중국의 대중문학
서울대학교,중어중문학과,중국현대명작의 세계
서울대학교,중어중문학과,중국고전문학탐색
서울대학교,중어중문학과,중국어교육론
서울대학교,중어중문학과,중국어교재연구 및 지도법
서울대학교,중어중문학과,중국어교과 논리 및 논술
서울대학교,중어중문학과,한문강독 1
서울대학교,중어중문학과,한문강독 2
서울대학교,중어중문학과,중국역대시가강독1
서울대학교,중어중문학과,중국역대시가강독2
서울대학교,중어중문학과,한문문법
서울대학교,중어중문학과,한자의 세계
서울대학교,철학과,서양고대철학
서울대학교,철학과,실존철학
서울대학교,철학과,언어철학
서울대학교,철학과,서양중세철학
서울대학교,철학과,서양근대철학
서울대학교,철학과,한국불교철학
서울대학교,철학과,인식론
서울대학교,철학과,사회철학
서울대학교,철학과,윤리학
서울대학교,철학과,인도불교철학
서울대학교,철학과,철학교재연구 및 지도법
서울대학교,철학과,철학교육론
서울대학교,철학과,철학 교육을 위한 논리학
서울대학교,철학과,기호논리학
서울대학교,철학과,한국철학사
서울대학교,철학과,중국고대철학
서울대학교,철학과,현대프랑스철학
서울대학교,철학과,현상학
서울대학교,철학과,젠더철학
서울대학교,철학과,역사철학
서울대학교,철학과,도가철학
서울대학교,철학과,문화철학
서울대학교,철학과,서양근대철학특강
서울대학교,철학과,윤리학특강
서울대학교,철학과,형이상학
서울대학교,철학과,사회철학특강
서울대학교,철학과,과학철학
서울대학교,철학과,서양현대철학특강
서울대학교,철학과,서양고중세철학특강
서울대학교,철학과,송명대 신유학
서울대학교,철학과,중국근현대철학
서울대학교,철학과,신유학특강
서울대학교,철학과,제자백가철학특강
서울대학교,철학과,불교철학특강
서울대학교,철학과,심리철학
서울대학교,물리·천문학부(물리학전공),현대물리학의 기초
서울대학교,물리·천문학부(물리학전공),고급 양자물리
서울대학교,물리·천문학부(물리학전공),고급 양자물리 연습
서울대학교,물리·천문학부(물리학전공),단학기 전자기학
서울대학교,물리·천문학부(물리학전공),기초현대물리실험
서울대학교,물리·천문학부(물리학전공),양자정보와 양자컴퓨팅 개론
서울대학교,물리·천문학부(물리학전공),"계산, 학습, 그리고 물리"
서울대학교,물리·천문학부(물리학전공),위상수학과 물질 물리학
서울대학교,물리·천문학부(물리학전공),역학
서울대학교,물리·천문학부(물리학전공),고급 역학
서울대학교,물리·천문학부(물리학전공),전기와 자기
서울대학교,물리·천문학부(물리학전공),고급광학
서울대학교,물리·천문학부(물리학전공),고체의 성질
서울대학교,물리·천문학부(물리학전공),기본물리수학
서울대학교,물리·천문학부(물리학전공),물리연구 3
서울대학교,물리·천문학부(물리학전공),물리연구 4
서울대학교,물리·천문학부(물리학전공),물리학과 신기술
서울대학교,물리·천문학부(물리학전공),상대론과 시공간
서울대학교,물리·천문학부(물리학전공),생물계물리입문
서울대학교,물리·천문학부(물리학전공),양자물리
서울대학교,물리·천문학부(물리학전공),양자물리 연습
서울대학교,물리·천문학부(물리학전공),역학 연습
서울대학교,물리·천문학부(물리학전공),고급 역학 연습
서울대학교,물리·천문학부(물리학전공),유체역학
서울대학교,물리·천문학부(물리학전공),응집물질과 집단현상
서울대학교,물리·천문학부(물리학전공),전기와 자기 연습
서울대학교,물리·천문학부(물리학전공),전산물리
서울대학교,물리·천문학부(물리학전공),전자기파와 광학 연습
서울대학교,물리·천문학부(물리학전공),중급물리실험2
서울대학교,물리·천문학부(물리학전공),핵과 기본입자
서울대학교,물리·천문학부(물리학전공),중급물리실험1
서울대학교,물리·천문학부(천문학전공),전기와 자기
서울대학교,물리·천문학부(천문학전공),우주환경
서울대학교,물리·천문학부(천문학전공),전산천문학
서울대학교,물리·천문학부(천문학전공),천문관측 및 실험1
서울대학교,물리·천문학부(천문학전공),천문관측 및 실험2
서울대학교,물리·천문학부(천문학전공),천문기기개론
서울대학교,물리·천문학부(천문학전공),천체물리학개론1
서울대학교,물리·천문학부(천문학전공),천체물리학개론2
서울대학교,물리·천문학부(천문학전공),태양계천문학 및 실험
서울대학교,물리·천문학부(천문학전공),항성대기개론
서울대학교,물리·천문학부(천문학전공),현대우주론
서울대학교,물리·천문학부(천문학전공),은하와 우주
서울대학교,물리·천문학부(천문학전공),항성과 항성계
서울대학교,물리?천문학부,고급물리실험
서울대학교,물리?천문학부,물리수학
서울대학교,물리?천문학부,물리연구 1
서울대학교,물리?천문학부,물리연구 2
서울대학교,물리?천문학부,열과 통계물리
서울대학교,물리?천문학부,전자기파와 광학
서울대학교,생명과학부,시스템생물학
서울대학교,생명과학부,생물다양성과 환경
서울대학교,생명과학부,생명과학전공실험 2
서울대학교,생명과학부,생명과학전공실험 1
서울대학교,생명과학부,생물공학
서울대학교,생명과학부,생명과학특수연구1
서울대학교,생명과학부,생명과학연구실습4
서울대학교,생명과학부,생명과학연구실습3
서울대학교,생명과학부,생명과학연구실습2
서울대학교,생명과학부,생명과학연구실습1
서울대학교,생명과학부,생명과학 학위논문연구
서울대학교,생명과학부,발생생물학
서울대학교,생명과학부,바이러스학
서울대학교,생명과학부,미생물학2: 생체- 마이크로바이옴 상호작용
서울대학교,생명과학부,미생물학1: 미생물 유전체 발현과 기능 조절
서울대학교,생명과학부,면역학
서울대학교,생명과학부,동물생리학
서울대학교,생명과학부,생물물리학
서울대학교,생명과학부,생물정보학개론
서울대학교,생명과학부,시스템 신경과학 개론
서울대학교,생명과학부,생물분류학
서울대학교,생명과학부,생명과학을 위한 인공지능
서울대학교,생명과학부,생명과학과 미래설계
서울대학교,생명과학부,계통분류학 및 실험
서울대학교,생명과학부,현대식물학
서울대학교,생명과학부,현대생물학의 이해1
서울대학교,생명과학부,진화생물학
서울대학교,생명과학부,조직세포학
서울대학교,생명과학부,유전학
서울대학교,생명과학부,신경생물학
서울대학교,생명과학부,식물생리학
서울대학교,생명과학부,세포생물학
서울대학교,생명과학부,생태학
서울대학교,생명과학부,생물학자를 위한 전산학 개론
서울대학교,생명과학부,생물학야외실습
서울대학교,수리과학부,응용편미분방정식(짝)
서울대학교,수리과학부,현대기하학탐구
서울대학교,수리과학부,확률미분방정식  
서울대학교,수리과학부,위상수학개론 2
서울대학교,수리과학부,위상수학개론 1
서울대학교,수리과학부,암호론
서울대학교,수리과학부,실변수함수론
서울대학교,수리과학부,수학특강 2
서울대학교,수리과학부,수학특강 1
서울대학교,수리과학부,수학적 모델링 및 전산실험
서울대학교,수리과학부,수치해석개론
서울대학교,수리과학부,선형대수학 2
서울대학교,수리과학부,선형대수학 1
서울대학교,수리과학부,복소함수론 2
서울대학교,수리과학부,복소함수론 1
서울대학교,수리과학부,미분방정식 및 연습
서울대학교,수리과학부,대수적코딩이론
서울대학교,수리과학부,대수기하학개론(짝)
서울대학교,수리과학부,금융수학 2
서울대학교,수리과학부,금융수학 1
서울대학교,수리과학부,해석개론 및 연습 2
서울대학교,수리과학부,해석개론 및 연습 1
서울대학교,수리과학부,이산수학
서울대학교,수리과학부,정수론
서울대학교,수리과학부,집합과 수리논리(홀)
서울대학교,수리과학부,최적화의 수학적 이론 및 계산
서울대학교,수리과학부,카오스와동역학계(홀)
서울대학교,수리과학부,편미분방정식
서울대학교,수리과학부,푸리에해석과 응용
서울대학교,수리과학부,해석개론 1
서울대학교,수리과학부,해석개론 2
서울대학교,수리과학부,현대대수학 1
서울대학교,수리과학부,현대대수학 2
서울대학교,수리과학부,미분기하학개론
서울대학교,수리과학부,미분방정식
서울대학교,수리과학부,복소변수함수론
서울대학교,수리과학부,선형대수학
서울대학교,수리과학부,수학자를 위한 물리학(홀)
서울대학교,수리과학부,심층신경망의 수학적 기초
서울대학교,수리과학부,유한군의 표현론(홀)
서울대학교,수리과학부,응용해석 1
서울대학교,수리과학부,측도이론과 확률
서울대학교,수리과학부,해석개론
서울대학교,수리과학부,수치선형대수
서울대학교,자연과학대학,과학과 근대사회
서울대학교,자연과학대학,과학과 예술의 상호작용의 역사
서울대학교,자연과학대학,과학기술과 법
서울대학교,자연과학대학,과학혁명과 근대과학의 탄생
서울대학교,자연과학대학,"동아시아의 과학, 전통과현대"
서울대학교,자연과학대학,테크노사이언스의 역사와 철학
서울대학교,자연과학대학,인공지능과 데이터 윤리
서울대학교,자연과학대학,"과학, 권력, 그리고 돈 "
서울대학교,자연과학대학,뇌인지과학의 이해
서울대학교,자연과학대학,생명과학의 인문학적 쟁점들
서울대학교,지구환경과학부,지구시스템진화
서울대학교,지구환경과학부,지구화학 및 실험
서울대학교,지구환경과학부,위성기상기후학
서울대학교,지구환경과학부,"지진, 지구동력학"
서울대학교,지구환경과학부,지질도학 실험
서울대학교,지구환경과학부,지질해양학 및 실험
서울대학교,지구환경과학부,퇴적지질학 및 실험
서울대학교,지구환경과학부,퇴적학 및 실험
서울대학교,지구환경과학부,판구조론 및 실험
서울대학교,지구환경과학부,표영환경생태학
서울대학교,지구환경과학부,해양선상실습
서울대학교,지구환경과학부,해양오염 및 실험
서울대학교,지구환경과학부,해양유기화학 및 실험
서울대학교,지구환경과학부,해양천연물 신약개론 및 실험
서울대학교,지구환경과학부,화석 및 실험
서울대학교,지구환경과학부,화학해양학개론 및 실험
서울대학교,지구환경과학부,환경지구학
서울대학교,지구환경과학부,환경해양학 및 실험
서울대학교,지구환경과학부,해양암석지구화학 및 실험
서울대학교,지구환경과학부,미기상학 개론 및 실습
서울대학교,지구환경과학부,행성지질학
서울대학교,지구환경과학부,지구환경과학논문연구
서울대학교,지구환경과학부,지구환경과학연구실습
서울대학교,지구환경과학부,지구환경과학현장답사
서울대학교,지구환경과학부,지구환경 데이터과학
서울대학교,지구환경과학부,기상기후모델링 개론 및 실습
서울대학교,지구환경과학부,지구물리
서울대학교,지구환경과학부,지구과학계산과 프로그래밍
서울대학교,지구환경과학부,대기환경 개론
서울대학교,지구환경과학부,광물학: 지구행성물질과학 및 실험
서울대학교,지구환경과학부,구조지질학 및 실험
서울대학교,지구환경과학부,기초유체역학
서울대학교,지구환경과학부,기후역학개론
서울대학교,지구환경과학부,기후학개론
서울대학교,지구환경과학부,대기물리1
서울대학교,지구환경과학부,대기물리2
서울대학교,지구환경과학부,대기분석 및 실험
서울대학교,지구환경과학부,대기역학1
서울대학교,지구환경과학부,대기역학2
서울대학교,지구환경과학부,대기열역학
서울대학교,지구환경과학부,대기관측 및 실험
서울대학교,지구환경과학부,대기화학개론 및 실습
서울대학교,지구환경과학부,물리해양학 및 실험
서울대학교,지구환경과학부,조석과 파랑
서울대학교,지구환경과학부,자원지질학 및 실험
서울대학교,지구환경과학부,인공위성 지구물리 및 실습
서울대학교,지구환경과학부,지구생물학 및 실험
서울대학교,지구환경과학부,예보학 및 실험
서울대학교,지구환경과학부,연안해양역학
서울대학교,지구환경과학부,야외지질실습
서울대학교,지구환경과학부,암석학 및 실험
서울대학교,지구환경과학부,수리지구환경 및 실험
서울대학교,지구환경과학부,생물해양학 및 실험
서울대학교,지구환경과학부,바다의 탐구
서울대학교,지구환경과학부,미생물해양학 및 실험
서울대학교,통계학과,기계학습과 계산금융
서울대학교,통계학과,다변량자료분석 및 실습
서울대학교,통계학과,데이터마이닝 방법 및 실습
서울대학교,통계학과,베이즈통계 및 실습
서울대학교,통계학과,비모수통계 및 실습
서울대학교,통계학과,생존자료분석 및 실습
서울대학교,통계학과,수리통계 1
서울대학교,통계학과,수리통계 2
서울대학교,통계학과,시계열분석 및 실습
서울대학교,통계학과,실험계획 및 실습
서울대학교,통계학과,이산자료분석 및 실습
서울대학교,통계학과,전산통계 및 실험
서울대학교,통계학과,통계적품질관리 및 실습
서울대학교,통계학과,표본설계 및 조사실습
서울대학교,통계학과,함수추정의 응용 및 실습
서울대학교,통계학과,확률의 개념 및 응용
서울대학교,통계학과,회귀분석 및 실습
서울대학교,통계학과,기초의학통계학 및 실험
서울대학교,통계학과,확률과정론
서울대학교,통계학과,통계계산
서울대학교,통계학과,자료분석 및 실습
서울대학교,통계학과,수리통계
서울대학교,통계학과,자료분석 심화방법론 및 실습
서울대학교,화학부,전기화학: 기초와 응용
서울대학교,화학부,화학과 AI
서울대학교,화학부,재료화학: 설계 및 응용
서울대학교,화학부,화학생물학입문 
서울대학교,화학부,기기분석 
서울대학교,화학부,화학연구실험
서울대학교,화학부,유기화학2
서울대학교,화학부,유기무기실험
서울대학교,화학부,양자화학
서울대학교,화학부,생화학실험
서울대학교,화학부,분자설계 및 합성
서울대학교,화학부,분자생화학
서울대학교,화학부,분석화학
서울대학교,화학부,물리화학3
서울대학교,화학부,물리화학2
서울대학교,화학부,물리화학1
서울대학교,화학부,물리유기화학개론
서울대학교,화학부,물리분석실험
서울대학교,화학부,무기화학 2: 반응과 메커니즘
서울대학교,화학부,무기화학 1: 구조와 결합
서울대학교,화학부,대사생화학
서울대학교,화학부,나노소재화학
서울대학교,화학부,기초생화학
서울대학교,화학부,고분자화학개론
서울대학교,화학부,유기재료합성 : 설계 및 응용
서울대학교,화학부,계산화학
서울대학교,화학부,유기화학1
서울대학교,첨단융합학부,의약품특허이론과 실무
서울대학교,첨단융합학부,의생명과학을 위한 시스템생물학
서울대학교,첨단융합학부,의료인공지능 및 의료소프트웨어 시스템
서울대학교,첨단융합학부,의료 및 건강정보시스템과 스마트의료
서울대학교,첨단융합학부,융합공학도를 위한 전기전자회로
서울대학교,첨단융합학부,유무기재료화학
서울대학교,첨단융합학부,유기화학의 기초
서울대학교,첨단융합학부,운영체제의 기초
서울대학교,첨단융합학부,연료전지 및 수소에너지공학
서울대학교,첨단융합학부,양자물리
서울대학교,첨단융합학부,약품분석학
서울대학교,첨단융합학부,약물의 인체 작용
서울대학교,첨단융합학부,아날로그전자회로
서울대학교,첨단융합학부,신약탐색기법
서울대학교,첨단융합학부,신약연구실험 2
서울대학교,첨단융합학부,신약연구실험 1
서울대학교,첨단융합학부,신약개발의 기초
서울대학교,첨단융합학부,신약개발 환경 및 쟁점
서울대학교,첨단융합학부,수리통계
서울대학교,첨단융합학부,세포생물학
서울대학교,첨단융합학부,의약화학의 기초
서울대학교,첨단융합학부,의용생체계측시스템
서울대학교,첨단융합학부,질병의 이해
서울대학교,첨단융합학부,지속가능시스템의 전달현상
서울대학교,첨단융합학부,지속가능기술의 최신 동향
서울대학교,첨단융합학부,지속가능기술의 실무응용
서울대학교,첨단융합학부,지속가능기술을 위한 촉매
서울대학교,첨단융합학부,지속가능기술을 위한 전기화학
서울대학교,첨단융합학부,지속가능기술개론
서울대학교,첨단융합학부,지속가능기술 응용실험
서울대학교,첨단융합학부,지속가능기술 기초실험
서울대학교,첨단융합학부,지속가능 재료화학
서울대학교,첨단융합학부,지속가능 물리화학
서울대학교,첨단융합학부,지속가능 기술 창의연구
서울대학교,첨단융합학부,자원재활용공학
서울대학교,첨단융합학부,자료구조와 알고리즘
서울대학교,첨단융합학부,인류를 구원한 혁신신약
서울대학교,첨단융합학부,인공지능의 기초
서울대학교,첨단융합학부,인공지능과 생명공학
서울대학교,첨단융합학부,이차전지공학
서울대학교,첨단융합학부,"이산화탄소 포집, 활용, 저장"
서울대학교,첨단융합학부,의학유전체학
서울대학교,첨단융합학부,생화학
서울대학교,첨단융합학부,생체 내 약물전달기술
서울대학교,첨단융합학부,데이터엔지니어링
서울대학교,첨단융합학부,데이터마이닝과 기계학습
서울대학교,첨단융합학부,데이터기반 컴퓨터 비전
서울대학교,첨단융합학부,데이터기반 의사결정
서울대학교,첨단융합학부,데이터과학개론
서울대학교,첨단융합학부,데이터과학 창의연구
서울대학교,첨단융합학부,데이터 시각화와 탐색적 자료분석
서울대학교,첨단융합학부,대규모언어모델과 검색증강생성
서울대학교,첨단융합학부,논리설계 및 실험
서울대학교,첨단융합학부,기초회로이론 및 실습
서울대학교,첨단융합학부,기초전자회로 및 실험
서울대학교,첨단융합학부,기초전자기학
서울대학교,첨단융합학부,기술의 지속가능성 분석
서울대학교,첨단융합학부,기기분석
서울대학교,첨단융합학부,기계학습과 딥러닝
서울대학교,첨단융합학부,고체재료의 이해
서울대학교,첨단융합학부,고분자재료개론
서울대학교,첨단융합학부,고급 의료 및 코어 지능형 시스템 이론
서울대학교,첨단융합학부,고급 데이터 분석
서울대학교,첨단융합학부,결정학 기초
서울대학교,첨단융합학부,독성학
서울대학교,첨단융합학부,디지털 리더십 개발과 코칭
서울대학교,첨단융합학부,생물의약품학
서울대학교,첨단융합학부,분자기반 의약품설계
서울대학교,첨단융합학부,보건의료자료분석을 위한 통계방법론
서울대학교,첨단융합학부,반응공학 1
서울대학교,첨단융합학부,반도체집적공정
서울대학교,첨단융합학부,반도체종합프로젝트
서울대학교,첨단융합학부,반도체소자
서울대학교,첨단융합학부,반도체 소재 및 공정
서울대학교,첨단융합학부,물리화학의 기초
서울대학교,첨단융합학부,메모리 및 인공지능소자
서울대학교,첨단융합학부,딥러닝의 기초
서울대학교,첨단융합학부,딥러닝 가속기설계
서울대학교,첨단융합학부,디지털헬스케어 전공자를 위한 우리 몸의 이해
서울대학교,첨단융합학부,디지털헬스케어 인턴십
서울대학교,첨단융합학부,디지털헬스케어 심화연구
서울대학교,첨단융합학부,디지털헬스케어 설계 및 실습
서울대학교,첨단융합학부,디지털헬스케어 서비스공학
서울대학교,첨단융합학부,디지털집적회로
서울대학교,첨단융합학부,디지털 시스템 설계 및 실험
서울대학교,첨단융합학부,디지털 생체신호 처리의 기초
서울대학교,첨단융합학부,질병의 진단과 치료의 이해
서울대학교,첨단융합학부,첨단융합전공과 나의 미래 2: 혁신신약전공 체험
서울대학교,첨단융합학부,첨단융합전공과 나의 미래 2: 차세대지능형반도체전공 체험
서울대학교,첨단융합학부,첨단융합전공과 나의 미래 2: 지속가능기술전공 체험
서울대학교,첨단융합학부,첨단융합전공과 나의 미래 2: 융합데이터과학전공 체험
서울대학교,첨단융합학부,첨단융합전공과 나의 미래 2: 디지털헬스케어전공 체험
서울대학교,첨단융합학부,첨단융합전공과 나의 미래 1: 탐색
서울대학교,첨단융합학부,첨단융합신약
서울대학교,첨단융합학부,첨단융합 창업 인턴십
서울대학교,첨단융합학부,첨단융합 창업 시뮬레이션
서울대학교,첨단융합학부,첨단융합 정책 인턴십
서울대학교,첨단융합학부,첨단융합 연구 인턴십
서울대학교,첨단융합학부,첨단반도체물리
서울대학교,첨단융합학부,첨단바이오의약품
서울대학교,첨단융합학부,첨단 의약품 의료기기 규제과학
서울대학교,첨단융합학부,첨단융합전공과 나의 미래 3: 개척
서울대학교,첨단융합학부,첨단융합창업
서울대학교,첨단융합학부,첨단의료장비와 혁신치료기술
서울대학교,첨단융합학부,첨단의약품 분석 및 생산공정
서울대학교,첨단융합학부,초급인공지능
서울대학교,첨단융합학부,최적화 개론
서울대학교,첨단융합학부,컴퓨터조직론
서울대학교,첨단융합학부,태양에너지공학
서울대학교,첨단융합학부,프로그래밍방법론
서울대학교,첨단융합학부,혁신신약 콜로키움
서울대학교,첨단융합학부,확률론 개론
서울대학교,첨단융합학부,환경공학개론
서울대학교,첨단융합학부,회귀모형 1
서울대학교,첨단융합학부,회귀모형 2
서울대학교,첨단융합학부,창의적 리더십과 신약개발
서울대학교,(학부대학)광역,전공설계1
서울대학교,자유전공학부,종합설계
서울대학교,자유전공학부,주제심화프로젝트  
서울대학교,자유전공학부,창의융합프로젝트
서울대학교,자유전공학부,현장학습 1
서울대학교,자유전공학부,현장학습 2
서울대학교,자유전공학부,전공설계 2
서울대학교,자유전공학부,자율연구 2
서울대학교,자유전공학부,자율연구 1
서울대학교,자유전공학부,사회공헌프로젝트
서울대학교,자유전공학부,전공설계 1
